id,created_at,text,retweet_count,favorite_count
1060644666125602816,2018-11-08 21:26:08,https://t.co/HC1ZbTYNlP,1925,9229
1060625459841388544,2018-11-08 20:09:49,@theSTASHED https://t.co/JC2BNyHOVG,58,384
1060590280100012032,2018-11-08 17:50:02,RT @JaidaRaymond: üêêüêê https://t.co/8H5Lhi2QiO,289,0
1060589357046751232,2018-11-08 17:46:22,Raise confidence and consciousness,7591,26635
1060586243732398080,2018-11-08 17:33:59,RT @yeezyenergy: I‚Äôm ready to witness the gods @kanyewest and @KidCudi together again üëª https://t.co/5f7YpM9J89,863,0
1060586101138587649,2018-11-08 17:33:25,Remove stress,26844,76151
1060213158307016705,2018-11-07 16:51:29,https://t.co/EYfZdq9X8w,9138,80007
1060213135225708545,2018-11-07 16:51:23,RT @OKardashWest: Kim Kardashian leaving a restaurant yesterday üî•üî•üî• incredibly beautiful ‚ù£Ô∏è https://t.co/dOXlGbwctX,244,0
1059088750062428160,2018-11-04 14:23:29,McDonald‚Äôs is my favorite restaurant,68139,277092
1058551854324432896,2018-11-03 02:50:03,https://t.co/4UMmxdK5Ow,1121,10382
1058525828106108928,2018-11-03 01:06:38,https://t.co/yeEWzkeyrh,865,5716
1058442346935787521,2018-11-02 19:34:55,https://t.co/q4poCymHYK,277,2927
1058051088375439360,2018-11-01 17:40:11,RT @Diddy: Who's afraid of clowns??? https://t.co/wZXaINKVzh,63084,0
1058050777988587521,2018-11-01 17:38:57,RT @KimKardashian: Guess who https://t.co/LRD9BN2M6K,4006,0
1058050681712472065,2018-11-01 17:38:34,RT @GetTheFuzzOut: y‚Äôall remember that time the muppets went to sesame street to work with kanye on this classic track? https://t.co/87O96m‚Ä¶,2820,0
1058050344746283009,2018-11-01 17:37:14,RT @kuwthewests: PAMELA üî• https://t.co/prA4LvbHXH,237,0
1058049919787786240,2018-11-01 17:35:33,RT @KimKardashian: I love you my sisters. Forever my angels. https://t.co/ySrRX9DJ8y,17644,0
1057828803127468032,2018-11-01 02:56:54,Scoop https://t.co/7aykoIzr8L,23281,207131
1057761814652616704,2018-10-31 22:30:43,https://t.co/EIYKuEEDjz,25500,114456
1057544988282757120,2018-10-31 08:09:08,RT @overdramatique: Yajuj and Majuj (Gog and Magog) might just be bots.,405,0
1057382916760707072,2018-10-30 21:25:07,My eyes are now wide open and now realize I‚Äôve been used to spread messages I don‚Äôt believe in. I am distancing mys‚Ä¶ https://t.co/o0RJeT0Nnc,74197,336596
1057382888520499201,2018-10-30 21:25:00,I introduced Candace to the person who made the logo and they didn‚Äôt want their name on it so she used mine. I neve‚Ä¶ https://t.co/KGkIISMu05,4690,28735
1057366629326053376,2018-10-30 20:20:24,"I would like to thank my family, loved ones, and community for supporting my ACTUAL beliefs and my vision for a better world.",5343,40339
1057366623621955586,2018-10-30 20:20:22,I support those who risk their lives to serve and protect us and I support holding people who misuse their power ac‚Ä¶ https://t.co/iyJFaWnr38,8467,53672
1057366616432930816,2018-10-30 20:20:20,"I support creating jobs and opportunities for people who need them the most, I support prison reform, I support com‚Ä¶ https://t.co/ncMQqbeAY9",6870,46087
1057354881546272769,2018-10-30 19:33:43,RT @KimKardashian: I loved my glam this night. @makeupbymario @michaelsilvahair https://t.co/wuQSnmTdY8,1424,0
1057354836956626945,2018-10-30 19:33:32,RT @TeamKanyeDaily: Perri-Ye yourself with the @Perrier Snapchat filter. üòÇ https://t.co/8j2c75yBqU https://t.co/4d2MnQoFQx,288,0
1057351631128481792,2018-10-30 19:20:48,RT @Perrier: Use our new Extraordinaire Snapchat Lens¬†üëª¬†and post your video anywhere you want with¬†#PERRIERCostume¬†to try and win Perrier p‚Ä¶,180,0
1057344830790135809,2018-10-30 18:53:46,RT @EamonOfficial: @kanyewest I‚Äôll never forget the time we met in Rome and you told me ‚ÄúI just bought your album yesterday‚Äù. Made my day t‚Ä¶,335,0
1057327116881158146,2018-10-30 17:43:23,RT @Editwithmouse: Well @kanyewest said it best https://t.co/vGU6Eallz7,601,0
1057314519733690369,2018-10-30 16:53:20,https://t.co/e3nmwhdRZe,4200,35725
1057281503481286656,2018-10-30 14:42:08,https://t.co/SsVqb4jCZ1,1634,19003
1057235890765004800,2018-10-30 11:40:53,"RT @KanyePodcast: @kanyewest Kids See Ghosts is an album about overcoming your ghosts, your demons. Throughout the course of the album, Kan‚Ä¶",1261,0
1057232228353273856,2018-10-30 11:26:20,"RT @070Updates: PSA:üö®

‚ÄúGHOST TOWN‚Äù @kanyewest feat. @070shake &amp; @partynextdoor 

is now certified GOLD. üìÄ

#070 
#YE https://t.co/6DBLusdP‚Ä¶",868,0
1057232027995553794,2018-10-30 11:25:32,RT @KimKardashian: Please check out exclusive interviews now on https://t.co/HMG1Wp4dJY site! Everyone needs to get out &amp; vote now!  #youar‚Ä¶,475,0
1057232012115873792,2018-10-30 11:25:28,RT @KimKardashian: Watch the full episodes &amp; more at https://t.co/HMG1Wp4dJY #youareenough #yourvotecounts #bewoke.vote  #empoweryourself h‚Ä¶,276,0
1057231232222793728,2018-10-30 11:22:22,With Jacques Herzog   Office out in Basel https://t.co/8OESRCpkdY,671,9920
1057032923566743552,2018-10-29 22:14:22,https://t.co/hiQwDn9czk,3775,18131
1057029804611043329,2018-10-29 22:01:58,RT @KanyePodcast: @udochiokeke1 @kanyewest I think the voodoo doll has something to do with Tyga flying around. So it‚Äôs like Nicki‚Äôs causin‚Ä¶,92,0
1057024888555401217,2018-10-29 21:42:26,https://t.co/CxPOQ8RO0E,2654,8745
1056998627737042944,2018-10-29 19:58:05,"RT @KimKardashian: #KKWBODY III (UNISEX) is a modern, woody floral opening with Pink &amp; Black Pepper and finishes with layers of creamy Sand‚Ä¶",259,0
1056989384438890496,2018-10-29 19:21:21,RT @butsmallhead: Yes hello @kanyewest üëãüéô thank much for follow! üëÄ we just want make world laugh &amp; it great to get support from Ye. As rewa‚Ä¶,1650,0
1056981636468891649,2018-10-29 18:50:34,RT @Lunaa: Thank you for the follow I love u @kanyewest https://t.co/IZADstrEzJ,452,0
1056977676316168198,2018-10-29 18:34:50,RT @KanyePodcast: @kanyewest thank you so much for the follow. It means a lot to me and Travis. We‚Äôre going to keep doing the work of being‚Ä¶,256,0
1056937199026008064,2018-10-29 15:53:59,RT @RealCandaceO: #BLEXIT is about the beautiful stories of so many black people who have awakened themselves to the possibilities of our f‚Ä¶,5641,0
1056918411001978885,2018-10-29 14:39:20,We‚Äôre about love unity and we design for the world,5274,32998
1056912198902124545,2018-10-29 14:14:39,RT @OKardashWest: The side of @kanyewest the media doesn‚Äôt show you ü§∑üèΩ‚Äç‚ôÄÔ∏è https://t.co/All4izaXWW,2567,0
1056893120611278848,2018-10-29 12:58:50,RT @joshjd00: Forgot about this https://t.co/pIfbqqHuQw,1799,0
1056892696604884995,2018-10-29 12:57:09,"RT @bep: Get ready for the new age‚Ä¶ New chapter, check the new page...
Our new album MASTERS OF THE SUN VOL. 1 is out now ‚úä #mastersofthesu‚Ä¶",1088,0
1056866176582799361,2018-10-29 11:11:46,RT @angie_karan: The video of this crayfish cutting off its own claw to avoid being cooked went viral in China. üò• https://t.co/tto4ic3L4j,2873,0
1056865358387257344,2018-10-29 11:08:31,RT @asmaaan208: Amazing Concept ...This Man Grows Food Just To Give It Away üåüüåüüåü https://t.co/ETR1JkyukY,568,0
1056865071891128320,2018-10-29 11:07:23,"RT @asmaaan208: Aztec culture, Teotihuacan, Mexico.  It's been called the Avenue of the Dead because the mounds on the sides looked like to‚Ä¶",339,0
1056864572328603648,2018-10-29 11:05:24,RT @asmaaan208: Museum Of Illusions üåüüåüüåü https://t.co/85xaAMWSvM,4043,0
1056864188281315328,2018-10-29 11:03:52,RT @asmaaan208: This vacuum forming machine is incredible to watch in action via Formech https://t.co/64leBl7DhM,594,0
1056756531805540352,2018-10-29 03:56:05,"RT @TeamKanyeDaily: KIMYE x DEMI LOVATO üôè
#KUWTK #MarchForOurLives https://t.co/QnpgYkVSKr",258,0
1056756521227468801,2018-10-29 03:56:02,RT @TeamKanyeDaily: #MarchForOurLives #KUWTK https://t.co/br0QISpKGh,235,0
1056756483180892161,2018-10-29 03:55:53,"RT @TeamKanyeDaily: CHICAGO 

üé• @Jasonmpeterson https://t.co/DXleCBwwEY",457,0
1056670084507336706,2018-10-28 22:12:34,RT @Maha_Sattva: @kanyewest my painting commemorating your and Chances contributions to Chicago https://t.co/00rMyfQYSY,583,0
1056620069495685122,2018-10-28 18:53:50,Hey mama https://t.co/kKZFLrHe2A,3857,44869
1056618811313582081,2018-10-28 18:48:50,RT @TaylorJTakeover: @kanyewest #Jumanji https://t.co/EXGqrzb0zZ https://t.co/w7Qb4wFuWZ,373,0
1056612346628636672,2018-10-28 18:23:09,RT @KimKardashian: 11.02.18 #KKWBODY @KKWFRAGRANCE https://t.co/hjJq3NWNv4,279,0
1056612320112197633,2018-10-28 18:23:02,RT @KimKardashian: 11.02.18 #KKWBODY @KKWFRAGRANCE https://t.co/y11AcVrPjO,251,0
1056612140562423809,2018-10-28 18:22:19,"RT @KimKardashian: 11.02.18 #KKWBODY
@KKWFRAGRANCE https://t.co/dQ9mQgiGsl",421,0
1056612008211218432,2018-10-28 18:21:48,RT @YesJulz: Class in session üåê https://t.co/nbXskk1NVj,284,0
1056611814115545088,2018-10-28 18:21:02,https://t.co/bqlhseb4UM,5401,37193
1056583168566931456,2018-10-28 16:27:12,"‚ÄúBe anxious about nothing, but in everything, by prayer and supplication with thanksgiving, let your requests be ma‚Ä¶ https://t.co/N1HroNlbIv",9100,35493
1056565647822540800,2018-10-28 15:17:35,RT @rosenberg: This is AWESOME. @valee @defjam #Undisputed https://t.co/cexyzlAsyr,143,0
1056565585562296324,2018-10-28 15:17:20,RT @rosenberg: MIHTY @Jeremih x @tydollasign on @defjam is served. #undisputed https://t.co/WSKfJuIUam,118,0
1056547886866067456,2018-10-28 14:07:00,Beautiful Detroit https://t.co/xNVGpCgY8R,1670,17668
1056489396986413057,2018-10-28 10:14:35,RT @OKardashWest: RayJ said here that @kanyewest meeting with Prez Trump was a big opportunity to make change happen which is also a huge r‚Ä¶,1300,0
1056465365872586752,2018-10-28 08:39:06,"RT @OKardashWest: But @kanyewest didn‚Äôt even say ""slavery was a choice"" the Dems/liberals media just ran with that headline for clickbaits‚Ä¶",2928,0
1056397800399888384,2018-10-28 04:10:37,"LaMelo Ball, JBA Has It's Face... Basketball Has Changed Forever https://t.co/UryBCcOCDA via @YouTube",998,5092
1056368167604445184,2018-10-28 02:12:52,https://t.co/RSUroiB678,5979,54828
1056218052507979777,2018-10-27 16:16:21,RT @_dm43: @kanyewest Dynamic duo https://t.co/buxhVTVzMZ,998,0
1056217803601125378,2018-10-27 16:15:22,RT @kanyewest: And TODAY on ESPN https://t.co/gRq1ONHpGW,7706,0
1056215403448451073,2018-10-27 16:05:50,And TODAY on ESPN https://t.co/gRq1ONHpGW,7706,45013
1055953710977818624,2018-10-26 22:45:58,https://t.co/7bvPWYJEDv,7500,52457
1055941949192949760,2018-10-26 21:59:13,RT @andthelights: https://t.co/DGu62bSD4C,961,0
1055900454528401409,2018-10-26 19:14:20,Trevi fountain https://t.co/gUO1wFowvq,1508,16529
1055899788825292801,2018-10-26 19:11:41,Levels https://t.co/Z8U84USzAa,1104,15214
1055480680933720064,2018-10-25 15:26:18,"RT @thejtlewis: @kanyewest My brother was killed in the Sandy Hook shooting. I started ‚ÄúNewtown Helps Rwanda‚Äù after, and now I‚Äôm advocating‚Ä¶",345,0
1055415977532424198,2018-10-25 11:09:12,RT @HUEYmixwitRILEY: G Herbo Defends Kanye West's Controversial Comments About Slavery https://t.co/JwPjplxD01 https://t.co/MQTdy1dbJV,580,0
1055226113448988674,2018-10-24 22:34:45,Amazing Grace from Uganda https://t.co/uhqwWsv7kr,1325,13417
1055224834685394949,2018-10-24 22:29:40,https://t.co/XOV5wwOtv4,8394,60869
1055055241735921664,2018-10-24 11:15:46,RT @KenXyro: Tekken or Street Fighter? ‚Äî AHHH... Tekken. VERY tough choice. https://t.co/UxAPyhbT7B,251,0
1054844277254176768,2018-10-23 21:17:28,"RT @Ashlee_Rezin: @kanyewest @chancetherapper @AmaraEnyia ""This campaign is not about one person looking for a job on the 5th floor, this c‚Ä¶",309,0
1054823791157755907,2018-10-23 19:56:04,RT @Tesla: Overhead views from a Model 3 https://t.co/SnrL4lLwNB,15324,0
1054823582491140100,2018-10-23 19:55:14,https://t.co/9cTZmASBkT,22046,141588
1054570087628374016,2018-10-23 03:07:56,RT @Mannyfreshcuts: @kanyewest That‚Äôs awesome @kanyewest it would be nice to see a strong African American woman in office! #changingameric‚Ä¶,113,0
1054569432192876544,2018-10-23 03:05:20,RT @mixiedbest: @kanyewest https://t.co/IDmLM2GRx5,433,0
1054564447577128960,2018-10-23 02:45:31,https://t.co/o8euLSFTBV,963,5216
1054563804040888330,2018-10-23 02:42:58,https://t.co/VVZ1KjgF2X,222,2215
1054546448019263489,2018-10-23 01:34:00,"RT @C43DU5: I know the game is a while away, but I am still super hyped for Cyberpunk 2077! It looks so fun, and the Legendary #CDProjektRe‚Ä¶",307,0
1054537126304534528,2018-10-23 00:56:57,"RT @dennisrodman: Great hanging with my bro @kanyewest today. Just like my agent @AgentD_P 's book ""@AimingBook"". We both have Aimed High o‚Ä¶",783,0
1054515360811114496,2018-10-22 23:30:28,"RT @GMA: .@KimKardashian on @kanyewest's support of Pres. Trump: ""I let him be who he wants to be. I let him have his own views and opinion‚Ä¶",425,0
1054476546617028608,2018-10-22 20:56:14,RT @kathychaney: .@kanyewest just contributed $73.5k to @AmaraEnyia Chicago mayoral campaign. https://t.co/O7DUmHTYyV,937,0
1054373627540451329,2018-10-22 14:07:16,RT @funnyorfact: When someone gets a little too close to BAE https://t.co/ge93gv2wYy,1374,0
1054373346492801025,2018-10-22 14:06:09,RT @therealmikedean: WHEN U START SECOND GUESSING YOURSELF U START TO FAIL,6349,0
1054333883595087872,2018-10-22 11:29:21,RT @caryfagan: i miss crs :( https://t.co/sEcPlR1LuM,472,0
1054333813160054784,2018-10-22 11:29:04,RT @PRADACCIA: Solange in Thierry Mugler S/S 1991 photographed by Cary Fagan. https://t.co/UR7OIbujny,715,0
1054328225852243968,2018-10-22 11:06:52,RT @bankulli: Thanks for the follow @kanyewest üôåüèø,173,0
1054328174220328960,2018-10-22 11:06:39,https://t.co/IvwEpPHAdC       Our favor    All love,390,3202
1054306158331285504,2018-10-22 09:39:10,https://t.co/trjAmzwUxL        Still my favorite,766,5976
1054279794995744768,2018-10-22 07:54:25,https://t.co/9hrjwsgcvX,311,2655
1054279446692278272,2018-10-22 07:53:02,https://t.co/JYN0ZXIsPx,522,4014
1053956949954441218,2018-10-21 10:31:33,I love Dave La Chapelle‚Äôs art https://t.co/v1K5QxYXs9,1641,19560
1053789605248544769,2018-10-20 23:26:35,All love https://t.co/PkXNeRff73,3055,26683
1053763092830711809,2018-10-20 21:41:13,RT @itsKELSEYtho: @kanyewest This is so beautiful Kanye üò≠üò≠üò≠ https://t.co/vMD3rjhN51,192,0
1053763057506230273,2018-10-20 21:41:05,RT @JameaBryant1: @kanyewest @KimKardashian Great job Ye...I love your love and appreciation for your wife and family. You and Kim are both‚Ä¶,116,0
1053754979742289920,2018-10-20 21:08:59,"RT @OKardashWest: OMG üíõüíõüíõüíöüíö @kanyewest is following me! I‚Äôm crying &amp; screaming right now! I love you so much Ye, you are my inspiration, my‚Ä¶",276,0
1053739029278134272,2018-10-20 20:05:36,@KimKardashian Love you so much,1079,15287
1053737575456931852,2018-10-20 19:59:50,@ABFalecbaldwin @KimKardahian @stevebrodner This is so creative. Alec Baldwin must be a good guy,71,892
1053704939808219142,2018-10-20 17:50:09,"@KimKardashian    You‚Äôre stunning. 

I will keep trying to make things that can express how beautiful you are insid‚Ä¶ https://t.co/Blig6mQBaU",3940,19267
1053696660654710784,2018-10-20 17:17:15,All love https://t.co/0j6Ut8IBC6,4348,33374
1053422323880116224,2018-10-19 23:07:08,RT @ComplexSneakers: ‚ÄúMauve‚Äù Yeezy Boost 700s confirmed to drop October 27 üëÄ https://t.co/dUNK6n4Uog,1025,0
1053292544216481793,2018-10-19 14:31:26,https://t.co/3jxISlskWP,302,3091
1053264410070933506,2018-10-19 12:39:38,Yzy means solutions,2054,17430
1053199480458305536,2018-10-19 08:21:38,@peterjhasson I agree,733,7721
1052988870630039552,2018-10-18 18:24:45,Xxx the 18th your energy is with us üôèüèøüôèüèøüôèüèø https://t.co/XSI1qISNO4,4825,27057
1052860991673917441,2018-10-18 09:56:36,https://t.co/6XVkrga1FG,1302,11619
1052152040896512002,2018-10-16 10:59:29,https://t.co/jesE1VNzbQ,1094,6728
1052151972470632449,2018-10-16 10:59:12,Dancing,2676,17959
1052145878033666048,2018-10-16 10:34:59,We Got Love https://t.co/5BnG8185LE,1187,6445
1052137531880497152,2018-10-16 10:01:50,We got love https://t.co/8cuhHmhOKa,1429,7564
1052100192479191040,2018-10-16 07:33:27,In the wild https://t.co/GR1HyBeoeg,550,3839
1051618367646457856,2018-10-14 23:38:51,https://t.co/XQ4X2yfwpm,3512,18916
1051577695623102466,2018-10-14 20:57:14,https://t.co/a0QrRcif4M,471,3411
1051554621422878720,2018-10-14 19:25:33,https://t.co/jbq43pkVGf,791,8956
1051473169075359745,2018-10-14 14:01:53,Spaceship calling earth| 3 Domes Uganda  https://t.co/8rlv7aTSav,2134,7901
1051471848997867521,2018-10-14 13:56:38,Spaceship call earth| 3 Uganda Domes https://t.co/TtJgWrG7IS,712,3903
1051470515272081408,2018-10-14 13:51:20,Running with North https://t.co/FRUg3tT7u7,630,4955
1051253667687526400,2018-10-13 23:29:40,Mind control  https://t.co/YDYXQ45bDL,9941,28107
1051253457657704454,2018-10-13 23:28:50,Mind control  https://t.co/EyvGLbulUJ,727,4472
1051253225163239424,2018-10-13 23:27:54,Mind control https://t.co/rPzEXJWJ2f,590,3482
1051222297418375168,2018-10-13 21:25:01,Aha https://t.co/in5yvHSbNh,1318,7327
1048030084647383040,2018-10-05 02:00:18,https://t.co/pIvNpIABbd,398,4106
1047858661731708930,2018-10-04 14:39:07,https://t.co/t6jYEP4sBH,3349,12310
1047854502651486208,2018-10-04 14:22:36,https://t.co/h0UfWY6X1r,425,3851
1047854286430908417,2018-10-04 14:21:44,https://t.co/pn8EE7JwSJ,274,3358
1047854174598119426,2018-10-04 14:21:18,https://t.co/KfHMfuKMPa,223,2340
1047845644465913857,2018-10-04 13:47:24,https://t.co/qM3jQrDZ5K,270,3019
1047844588436643846,2018-10-04 13:43:12,https://t.co/sQtuXPKNL8,305,3564
1047844404222775297,2018-10-04 13:42:28,https://t.co/n5bDyhU7M1,399,3372
1047715431664906240,2018-10-04 05:09:59,https://t.co/tL6YOdzO6q,1935,14025
1047603254308364288,2018-10-03 21:44:14,https://t.co/HxaBDteHmC,566,4271
1047572291939422208,2018-10-03 19:41:12,https://t.co/8dnSUq2BGB,329,3260
1047571877051359232,2018-10-03 19:39:33,https://t.co/ykJBI5sp2w,356,2823
1047571470669377536,2018-10-03 19:37:56,https://t.co/ivHTfui2TC,353,2902
1047570941549543424,2018-10-03 19:35:50,https://t.co/4HrbQk5r6E,427,2762
1047570440690970625,2018-10-03 19:33:50,https://t.co/6DkTr1dC4q,252,2351
1047569939492552704,2018-10-03 19:31:51,https://t.co/EDVNNejcsT,303,2620
1047568231320281090,2018-10-03 19:25:03,https://t.co/m1CDyvsnIj,280,3377
1047566843894882304,2018-10-03 19:19:33,https://t.co/2LU5NdbE7x,351,4455
1047566552436858881,2018-10-03 19:18:23,we're at Pitbulls school SLAM https://t.co/byhISS7jPL,448,4139
1047566207245676544,2018-10-03 19:17:01,reaching out to Colin Kaepernick. I would like you to speak with the president to tell him your experience directly‚Ä¶ https://t.co/W3plZPlLiP,8890,61903
1047479529810194432,2018-10-03 13:32:35,"We have to operate as one eco system. 

Poly Plastic in clothes get released into the environment when we wash those clothes",1404,13780
1047479479495417858,2018-10-03 13:32:23,sitting here talking with my dad about issues with plastic. proposing initiatives/solutions. Use glass bottles/recy‚Ä¶ https://t.co/hnkg7p5LfE,2393,24283
1047479214704799745,2018-10-03 13:31:20,https://t.co/wgImASxi7I,1854,11749
1047333506777403392,2018-10-03 03:52:21,"Why Do Inmates Fight Wildfires for Dollars a Day? The Origins of Prison Slavery in America.
https://t.co/sYLiQAHXv8",1762,8237
1047312857379921920,2018-10-03 02:30:17,https://t.co/orKDyDKKJg,603,3820
1047272084454309888,2018-10-02 23:48:16,https://t.co/EKIT3umtyM,777,7803
1047268925505826816,2018-10-02 23:35:43,bedrock Detroit https://t.co/57m9pwKD2B,1280,10065
1047262655994425344,2018-10-02 23:10:49,@DetroitBruce gave me this watch üôèüôèüôè @shinola https://t.co/N3cTdUxVbL,49,408
1047257652433117184,2018-10-02 22:50:56,"overcome fear

My dad and I are going to eat this plate of bugs to celebrate him beating cancer. No more fear https://t.co/b3ywEX13v2",7252,64777
1047241131656769536,2018-10-02 21:45:17,where‚Äôs the flying car department? Dan Gilbert,1011,11111
1047241035330408448,2018-10-02 21:44:54,https://t.co/VchXm0rZvD,604,5222
1047210794897760257,2018-10-02 19:44:44,https://t.co/64ouji20rb,1548,12393
1047205939437166592,2018-10-02 19:25:26,https://t.co/G5zbVyBPj2,556,5042
1047191662064103424,2018-10-02 18:28:42,trying is lying - Dan Gilbert,1654,10286
1047191527099752449,2018-10-02 18:28:10,https://t.co/Tm3fHlDbt2,463,5264
1047162783832260608,2018-10-02 16:33:57,home is where the heart is,28412,102993
1046802232576901120,2018-10-01 16:41:15,"RT @realDonaldTrump: Like many, I don‚Äôt watch Saturday Night Live (even though I past hosted it) - no longer funny, no talent or charm. It‚Ä¶",46620,0
1046802196388446210,2018-10-01 16:41:06,"Thank you Washington post
https://t.co/y8BcgVp8Lk",4278,25495
1046569585539919873,2018-10-01 01:16:48,meeting with Big U and the Developing Options organization and the Crenshaw Rams football team https://t.co/2dvisPJFpK,1137,11380
1046533697548124160,2018-09-30 22:54:11,Amer-I-Can https://t.co/OVWuRqs6qv,2624,21944
1046533107359203328,2018-09-30 22:51:51,Meeting with members of Jim Browns Amer-I-Can program https://t.co/FIiaeAH0Q4,1057,9540
1046495010500182016,2018-09-30 20:20:28,"not abolish but. let‚Äôs amend the 13th amendment 

We apply everyone‚Äôs opinions to our platform",2166,20325
1046490057522085888,2018-09-30 20:00:47,the 13th Amendment is slavery in disguise     meaning it never ended    We are the solution that heals,5262,31854
1046476706087747585,2018-09-30 19:07:43,so lit üî•üî•üî• https://t.co/aqKIfBRUMx,12439,92208
1046466533973590016,2018-09-30 18:27:18,this represents good and America becoming whole again.¬†¬†We will no longer outsource to other countries. We build fa‚Ä¶ https://t.co/AezJB97tMM,29497,124113
1046463566369320960,2018-09-30 18:15:31,no more cancel culture,6183,41699
1046463416502706176,2018-09-30 18:14:55,Miuccia Prada is one my earth moms and I need to meet her in the next 2 weeks #facts,483,6333
1046460696655884289,2018-09-30 18:04:07,by the way Unprogrammed is a new word,2435,17014
1046460548232011776,2018-09-30 18:03:31,"just reached HARVEY we‚Äôre going to TMZ 2mrw morning 100 strong. We need strong beings dancers. Unprogrammed to bring love 

#wegotlove",848,8959
1046459496732667904,2018-09-30 17:59:20,there is no such thing as one sides.  There‚Äôs infinite sides,3974,24428
1046452160307769346,2018-09-30 17:30:11,Pardison Fontaine wrote the Violent Crimes verses. I changed 2 lines. He wrote the entire song though. Cyhi Cons Pa‚Ä¶ https://t.co/hMA1jTMsmH,1909,15093
1046432675819487232,2018-09-30 16:12:46,We also work for Eddie Qüòä and all 123 thousand üçé crew members,594,8847
1046429242764849152,2018-09-30 15:59:07,I will never be Steve. I will always be YE. We are here in service to Steve‚Äôs vision. Let‚Äôs make the planet üçé level,2406,26360
1046429190071832576,2018-09-30 15:58:55,YZY Is a for purpose (non profit) arm (branch) of Apple.  We unofficially work for Steve Johnny Tim and Lorraine.‚Ä¶ https://t.co/WiFwTdxsaW,1227,14007
1046425913947115522,2018-09-30 15:45:54,had so much fun at SNL. Lorne agreed that I would host before the year is out. Need to set a date. Gonna be soooooo‚Ä¶ https://t.co/tk3yWLDHM9,5676,54536
1046408734577061889,2018-09-30 14:37:38,üòÇüòÇüòÇ https://t.co/chUjeXmLRi,28996,189825
1046159436107018240,2018-09-29 22:07:00,pull up with the YZY slides https://t.co/MClKJVJ4nq,13127,94403
1046064289944080388,2018-09-29 15:48:56,"the being formally known as Kanye West   

I am YE",42764,231599
1046010903718551553,2018-09-29 12:16:48,nino blu https://t.co/Mk9IlU6AcZ,8979,52734
1045501118099279872,2018-09-28 02:31:05,let me put this in context. My reference to the word NO is never letting people stop your ambitions and dreams. As‚Ä¶ https://t.co/bHvieO7LDB,4199,21815
1045467035717664768,2018-09-28 00:15:39,my favorite graphic ever. No more no‚Äôs¬†¬†¬†by Cali https://t.co/jaAw5jC3fk,1274,13489
1045445320027435013,2018-09-27 22:49:22,https://t.co/dDhrjO8Xp0,572,5653
1045440216687759360,2018-09-27 22:29:05,https://t.co/sH7sq5UxDB,1311,14005
1045440011452133376,2018-09-27 22:28:16,https://t.co/rICnq4VnLF,452,5810
1045439888256950273,2018-09-27 22:27:47,https://t.co/xAFnIdfi5z,533,6974
1045438185415688193,2018-09-27 22:21:01,SNL https://t.co/VZuaffZwCR,10198,77121
1045437452700200960,2018-09-27 22:18:06,we got love https://t.co/t0Ff8VhOvA,1482,17654
1045415959551307776,2018-09-27 20:52:42,"YANDHI 9 29 18 

YANDHI IS RELEASING THIS SATURDAY https://t.co/ysqMrtc1RP",49124,143301
1045401352271159298,2018-09-27 19:54:39,We need Apple geniuses to aid us in making this happen. I also envision all TV shows and movies being shot on IPhon‚Ä¶ https://t.co/krG07NLYeI,1026,12365
1045401286231769088,2018-09-27 19:54:23,I see YZY as an arm of Apple    I‚Äôm at SNL rehearsal and we‚Äôre ‚Äútrying‚Äù to have the performance shot on an IPhone‚Ä¶ https://t.co/aPtFsVl4mU,836,9438
1045399840287469568,2018-09-27 19:48:39,YZY is becoming a for purpose service organization,866,9230
1045399770070564864,2018-09-27 19:48:22,not for profit is now for purpose,1776,13064
1045397388137914368,2018-09-27 19:38:54,CHICAGO STATE colored adidas socks üß¶ https://t.co/stekcBS7hs,984,11286
1045396295249055744,2018-09-27 19:34:33,"pharcyde other fish üê† playing at SNL

My love recites the lyrics to Passing me By. This is why I know this is my soul mate",739,7585
1045376100388372480,2018-09-27 18:14:19,YZY SZN https://t.co/P0s3S41miG,3274,31904
1045330973842264065,2018-09-27 15:15:00,https://t.co/S4X43suh9C,1155,15458
1045326579730006016,2018-09-27 14:57:32,"we‚Äôre releasing Yandhi Saturday night 

We know it will come in number 2 to my brother Lil Wayne and that‚Äôs lovely‚Ä¶ https://t.co/5L5rRqdT7t",75388,268519
1045315568725766144,2018-09-27 14:13:47,"The term literally means ""place of the¬†Way &lt;https://t.co/M1T31yUQax&gt;"" in Japanese

Schools will be dojos",519,4887
1045315452753199104,2018-09-27 14:13:19,"Dojo
A¬†d≈çj≈ç¬†(ÈÅìÂ†¥ &lt;https://t.co/BMDKrR5vzG&gt;)¬†is a hall or space for immersive learning or meditation. This is traditi‚Ä¶ https://t.co/Y89keTfn2t",650,4783
1045315400613806080,2018-09-27 14:13:07,"Words and names are vital when bringing something like the school into existence.¬†¬†Couple thoughts:¬†¬†Dao
The word f‚Ä¶ https://t.co/wjoNdjuAto",800,7592
1045150150329491456,2018-09-27 03:16:28,over 300 samples and 3 years in the making and I give my pair to Ant Clemons for his Bday https://t.co/wC7Ox5gs0P,762,9459
1045146599712677888,2018-09-27 03:02:21,Jedi training camp. We need a¬†light saber emoji¬†¬†I guess this crayon will have to do üñçüò≠ https://t.co/rnKSYk3yaz,3272,20564
1045146325002506240,2018-09-27 03:01:16,ALPHA BEING SNL VIBES https://t.co/SCcYxHTBuR,722,7366
1045146174607351808,2018-09-27 03:00:40,https://t.co/SSyk7GNc8G,1613,11981
1045102501404409856,2018-09-27 00:07:08,Bari I appreciate your perspective and vision. You brought me closer to Rocky too. Jedis never let perception and c‚Ä¶ https://t.co/4rnuw2U9II,1171,9822
1045102473734578176,2018-09-27 00:07:01,Bari challenged me when no one else did and when he got in trouble I was scared to say he was my friend just like I‚Ä¶ https://t.co/olEPkPay0r,4024,31913
1045102436963168256,2018-09-27 00:06:52,üôåüôåüôåüíúüíúüíú there‚Äôs no way I would have the number 1 record in the world without this man here.¬†¬†He broke me out of my p‚Ä¶ https://t.co/VIFhd1f8yi,1217,13773
1045101048623325184,2018-09-27 00:01:21,https://t.co/m8v3H4NGYd,1295,13319
1045101016943714304,2018-09-27 00:01:14,https://t.co/DoBY5dA2n0,711,6220
1045100837842771968,2018-09-27 00:00:31,https://t.co/MUfcM0bIq3,380,3597
1045100429351120896,2018-09-26 23:58:54,https://t.co/eQb0RscFRw,370,3570
1045100216393785345,2018-09-26 23:58:03,https://t.co/imBhc2zkEY,518,4460
1045061267541508096,2018-09-26 21:23:17,Happy birthday Ant https://t.co/8qCgOqC5A4,1135,14420
1044767581968560129,2018-09-26 01:56:17,"üôà‚ò∫Ô∏èüåçüíØüëΩüíúüöÄüôå 

üçélevel https://t.co/c7eY5jkjuI",2538,32571
1044738626033082368,2018-09-26 00:01:13,working on the YZY operating system with Nick Knight and team https://t.co/fViQMFqJO6,989,10230
1044701654426181632,2018-09-25 21:34:18,https://t.co/TWWaPMt2Lj,602,7455
1044641946055004160,2018-09-25 17:37:03,YZY FD CLTHNG SHLTR XPSR https://t.co/VO890WArE6,967,10032
1044629345958940673,2018-09-25 16:46:59,https://t.co/LhjJiGqYCT,669,7809
1044606915303489536,2018-09-25 15:17:51,I think I stand pigeon toed cause of Michael Jordan üòä https://t.co/bDW5lSp3y2,2137,27926
1044344119668043777,2018-09-24 21:53:35,https://t.co/z9sOHIeu65,3758,34959
1044266964623876103,2018-09-24 16:47:00,namaste means the divine in me sees the divine in you.   Namaste - the divine is us,8508,38351
1044263766609674240,2018-09-24 16:34:18,the term followers should be changed to observers. We need to follow our spirit,9284,53427
1044258592797351943,2018-09-24 16:13:44,art gives people the freedom to think - President Z Scott of Chicago State,1842,11952
1044024537212366849,2018-09-24 00:43:41,same field https://t.co/2lwQF6jhOY,5309,52451
1043941457675997185,2018-09-23 19:13:33,happy Sunday https://t.co/0TKouJckov,14888,136179
1043696980898144256,2018-09-23 03:02:05,our minds and spirits are endless https://t.co/f8pGZPxoqa,4278,26735
1043689982206984192,2018-09-23 02:34:17,we‚Äôre upgrading our operating systems,2565,21118
1043683783495450624,2018-09-23 02:09:39,https://t.co/Ud82Hod3Vk,333,5144
1043683735751671808,2018-09-23 02:09:27,https://t.co/llaC6ZaQTu,469,5419
1043677932458102784,2018-09-23 01:46:24,"when you at the sugar factory make sure you get that mirror shot 

This is not a paid tweet üòÇ https://t.co/t66gbDEkSN",7873,86631
1043675645182599170,2018-09-23 01:37:19,convo with Ben Schwerin from Snapchat https://t.co/FElSmLI43e,1634,17268
1043626111035355136,2018-09-22 22:20:29,"I‚Äôd rather someone give me INSIGHT than to EXCITE me 

People always try to get you EXCITED so they can manipulate‚Ä¶ https://t.co/LcjC3AvWQF",12016,52402
1043613149981593600,2018-09-22 21:28:59,https://t.co/cnLijHSjaN,8365,42687
1043609312403177472,2018-09-22 21:13:44,a lot of human beings think this is what love means https://t.co/9JgLBvEiSt,9370,38528
1043556092096045057,2018-09-22 17:42:15,YANDHI 9 29 18 https://t.co/iYWFUJ07oo,6002,31122
1043555923933958144,2018-09-22 17:41:35,YANDHI 9 29 18 https://t.co/kaAUj1iTVt,4091,22217
1043555878773841921,2018-09-22 17:41:24,YANDHI 9 29 18 https://t.co/CfpIBe5gBs,2173,13926
1043555842006499328,2018-09-22 17:41:15,YANDHI 9 29 18 https://t.co/nAgOzWLuut,3110,18449
1043553559055282176,2018-09-22 17:32:11,we‚Äôre building DONDA schools in Chicago,2118,18221
1043549598105526272,2018-09-22 17:16:27,Having your amount of likes on display for the world to see and judge is like showing how much money you have in th‚Ä¶ https://t.co/TIOCeMtn6b,13006,67374
1043549546066767872,2018-09-22 17:16:14,Speaking for myself I personally want to participate in social media with the option of not having to show my followers or likes,3689,23804
1043549481319321600,2018-09-22 17:15:59,There are people who are committing suicide due to not getting enough likes. Seeking validation in the simulation.¬†‚Ä¶ https://t.co/buQmCxVa2u,2869,18212
1043538210440196096,2018-09-22 16:31:12,Just got this pic from Mikkey https://t.co/LiVjHEudtP,756,9381
1043527734234820608,2018-09-22 15:49:34,https://t.co/OF3HtCqgbP,3071,15050
1043518843694415872,2018-09-22 15:14:14,need a slide emoji https://t.co/OMe4nrWuOf,1476,16856
1043496926144913410,2018-09-22 13:47:09,relearning how to code.  I knew how to in 7th grade when I was programming a video game,6520,60253
1043478942122823680,2018-09-22 12:35:41,we design everything we put our soul in,5093,25145
1043469772967432194,2018-09-22 11:59:15,https://t.co/ecWZiHQ0NN,2470,22272
1043468917404884993,2018-09-22 11:55:51,https://t.co/KNaLXXQ2lG,765,7258
1043337014500716544,2018-09-22 03:11:43,https://t.co/faO1r5bvi6,467,5542
1043336811823558656,2018-09-22 03:10:54,https://t.co/EuYTmA43md,399,4592
1043336329919000577,2018-09-22 03:08:59,https://t.co/vhPd7dFtd7,296,3026
1043336110078812160,2018-09-22 03:08:07,https://t.co/DVpg73qYBg,463,4067
1043336047004811264,2018-09-22 03:07:52,https://t.co/gKMOamzALJ,352,3270
1043335976716627968,2018-09-22 03:07:35,https://t.co/j8X4peqTnm,335,3232
1043335825323225090,2018-09-22 03:06:59,https://t.co/ez6VtIW26K,289,2940
1043335747569213440,2018-09-22 03:06:41,https://t.co/aNzvg3XH9w,282,2748
1043335683350323202,2018-09-22 03:06:25,https://t.co/tzkHCxq6Re,258,2646
1043335580539441152,2018-09-22 03:06:01,https://t.co/0kTfTDcFaK,420,2987
1043335465045118976,2018-09-22 03:05:33,https://t.co/RyZQc8Ms8o,323,3194
1043335308505300992,2018-09-22 03:04:56,https://t.co/DoKeVlitgf,342,3103
1043313046595096576,2018-09-22 01:36:28,Gaudi https://t.co/xKTpteUBAF,621,8258
1043312924138209280,2018-09-22 01:35:59,activity on the 350 today https://t.co/nch4PffRNz,798,8142
1043312741186818048,2018-09-22 01:35:15,holographic https://t.co/Xm4pjuflES,28253,146439
1043312481953697792,2018-09-22 01:34:14,with the zoom in for anyone concerned with the man made construct of numbers.¬†¬†The universe is infinite and also ob‚Ä¶ https://t.co/huLRHF5DQD,1148,10089
1042874839013326848,2018-09-20 20:35:11,Holographic,2758,22841
1042868953691807744,2018-09-20 20:11:48,a conversation with My friend Jack the head of twitter https://t.co/9WawmuCAg1,674,5546
1042848817563885568,2018-09-20 18:51:47,https://t.co/jhSWjt56uL,307,2733
1042848590517886977,2018-09-20 18:50:53,famleeeeee https://t.co/sqhHtxIRPh,739,4293
1042841424016769024,2018-09-20 18:22:25,my love is so beautiful üòç https://t.co/Tjm9W86iak,878,7175
1042838357842120704,2018-09-20 18:10:14,https://t.co/1n0yM79SIt,237,2425
1042838157635407872,2018-09-20 18:09:26,https://t.co/jP0bxGltvD,232,2342
1042837894182756352,2018-09-20 18:08:23,Apple üçé and YZY¬†¬†sounds about right üöÄüöÄüöÄüöÄüíúüíúüíúüíúüîÆüîÆüîÆüîÆüëΩüëΩüëΩüôã‚Äç‚ôÇÔ∏è https://t.co/Uq5ArSlcdd,734,5936
1042823373909192704,2018-09-20 17:10:41,https://t.co/nxIQNp3zHV,401,2673
1042823299242196992,2018-09-20 17:10:23,https://t.co/OxiM6Cpr0O,443,2880
1042823232284323842,2018-09-20 17:10:07,https://t.co/tgyl4Z3jpQ,523,3117
1042823169738862593,2018-09-20 17:09:53,https://t.co/oj7OTIyyNe,417,2684
1042786091869265921,2018-09-20 14:42:32,this is lovely. Ben from Snapchat text my wife this. https://t.co/veB6DdEjvm,420,4579
1042779505431986178,2018-09-20 14:16:22,Social media can be good but we have to hold the heads responsible for the psychological damage it sometimes causes. https://t.co/g81IBjqqaK,2173,11534
1042779425048211456,2018-09-20 14:16:03,we should be able to participate in social media without having to show how many followers or likes we have. Just l‚Ä¶ https://t.co/3fEoETpa49,48497,221287
1042557261007089664,2018-09-19 23:33:15,YZY BSKTBL https://t.co/jRIISnZr2Y,1066,7473
1042268836576165889,2018-09-19 04:27:09,https://t.co/uxxbP9elUS,6325,37059
1042177428813017089,2018-09-18 22:23:56,https://t.co/7mRgxIOcQC,418,4368
1042131398323138561,2018-09-18 19:21:01,#wegotlove campaign/photos shot by Rita Minissi,532,7012
1042031781661114368,2018-09-18 12:45:11,music is space between noise,18867,83670
1041895861716832256,2018-09-18 03:45:05,https://t.co/PuN8QhnxNV,54442,167555
1041886945511538688,2018-09-18 03:09:39,https://t.co/vZ6wXq9GTD,1235,12494
1041886800745119750,2018-09-18 03:09:05,https://t.co/iYz8ZM1wjp,886,8535
1041886667294953472,2018-09-18 03:08:33,https://t.co/VBLhl3lydG,3522,28912
1041886450067726337,2018-09-18 03:07:41,https://t.co/QUDGJruPoN,1374,10041
1041886346787282944,2018-09-18 03:07:17,https://t.co/AhYmLnLUl5,726,7286
1041886123159515136,2018-09-18 03:06:23,https://t.co/Sp5ZGqDM1P,747,7360
1041886030226259973,2018-09-18 03:06:01,https://t.co/u2Iqeg8L97,525,5927
1041885857894916096,2018-09-18 03:05:20,https://t.co/oUaXoYwusu,651,6308
1041885650440658945,2018-09-18 03:04:31,https://t.co/LbuBNAxn97,1098,11387
1041844464283607040,2018-09-18 00:20:51,https://t.co/fLGcmeSawc,1911,12544
1041844365776187392,2018-09-18 00:20:27,https://t.co/2ggHxbHpTp,826,7687
1041844263678443520,2018-09-18 00:20:03,https://t.co/CHeh2KwsUW,833,7386
1041844096044740609,2018-09-18 00:19:23,https://t.co/oQRLgsGCRp,709,6566
1041843969787711488,2018-09-18 00:18:53,https://t.co/om59nr2qRt,1143,9950
1041843834995404800,2018-09-18 00:18:21,https://t.co/FY2apn2hzd,2570,23109
1041843704233832448,2018-09-18 00:17:50,https://t.co/b8yeRkR6yx,1105,10638
1041821536137568256,2018-09-17 22:49:44,"RT @nbcsnl: Big day, big news. #SNLPremiere https://t.co/r7o6nO5nyv",5713,0
1041801975291990016,2018-09-17 21:32:01,https://t.co/GwCcmAe1WN,41810,171810
1041799969554886656,2018-09-17 21:24:03,https://t.co/lopkmtvqE5,940,9640
1041782218853560320,2018-09-17 20:13:31,https://t.co/O3pjH3CuGU,1404,13281
1041749646421372929,2018-09-17 18:04:05,https://t.co/r1lZx6de4t,547,6913
1041749615912005639,2018-09-17 18:03:57,https://t.co/7OeBE7lGSj,489,4564
1041749576829480960,2018-09-17 18:03:48,https://t.co/zDNc2Y4Rco,425,3982
1041749541110743040,2018-09-17 18:03:40,https://t.co/TOqX4LNEWM,807,6442
1041741691152064512,2018-09-17 17:32:28,we don‚Äôt need to ever be excited we need to just be,5002,26454
1041741003458174977,2018-09-17 17:29:44,no if ands or buts,6045,22032
1041739911240409088,2018-09-17 17:25:24,we need consideration,3564,15492
1041730174167920641,2018-09-17 16:46:42,we are divine,8635,33797
1041725683955752961,2018-09-17 16:28:52,üåúüåçüåõ,4804,25508
1041706314580221953,2018-09-17 15:11:54,love is the absence of pride,30757,99429
1041400134641311744,2018-09-16 18:55:15,https://t.co/Ftsd5KdCQF https://t.co/xlNnjtmDZ4,1223,8729
1041399910959067137,2018-09-16 18:54:21,https://t.co/uHihkTGrCS https://t.co/uhLhqbNjA4,691,6624
1041373420548706304,2018-09-16 17:09:05,Donda House üôèüëΩüëΩ https://t.co/i4pfZiZmeN,455,5069
1041373008928104454,2018-09-16 17:07:27,"üòÇüòÇüèà

https://t.co/wc41OWpHoo",317,3880
1041362284717793280,2018-09-16 16:24:50,https://t.co/9o45sTcogJ,306,3548
1041355469955182593,2018-09-16 15:57:46,enhance structure,4901,33995
1041162806832316416,2018-09-16 03:12:11,Film concept: a being purchases a Merriam-Webster‚Äôs dictionary from Walgreens to  highlight positive words in orang‚Ä¶ https://t.co/lpqMdmQORO,1712,14879
1041082936299331590,2018-09-15 21:54:49,Me Troy Justin and Scooter will have dinner and build on how we will make our world better. Sending positive energy,3007,39676
1041057031015284738,2018-09-15 20:11:52,"sending good energy to my brother Ricardo for his first Burberry show 

https://t.co/seuuw0Wj8C",724,9112
1040998310952230914,2018-09-15 16:18:32,yoga dance meditation,5849,41331
1040772406690938880,2018-09-15 01:20:53,we‚Äôre creating a film called Spiritual Telephone.,4372,47094
1040761538808897536,2018-09-15 00:37:41,eating dishes served with Gullah Geechee heritage,1238,15802
1040667349962117121,2018-09-14 18:23:25,https://t.co/FLASwktK0g,2371,11596
1040656839061528577,2018-09-14 17:41:39,our whole culture is about balance,11257,66951
1040347073403596801,2018-09-13 21:10:45,when you think of something positive say it out loud. Keep putting that vibe into the universe.,100136,294571
1040028970962415617,2018-09-13 00:06:44,love is serving others - Maurice Armitage,8025,41101
1039951315831418880,2018-09-12 18:58:09,change I want to we need,15892,81635
1039646928424689664,2018-09-11 22:48:38,we don‚Äôt try we do,54866,158965
1039264970314211328,2018-09-10 21:30:52,Love vs. Fear   I love when human beings are supported for using their voice,6323,37826
1039261338080399360,2018-09-10 21:16:26,I stand for giving everyone a voice. Adidas giving me a voice and Nike giving Colin voice on a big business level m‚Ä¶ https://t.co/juHIuVsrSF,9572,79032
1039229498841956352,2018-09-10 19:09:55,The triple white 350 release fulfills YEEZYS democracy philosophy. Removing the concept of making limited product t‚Ä¶ https://t.co/3D0ZFUEMDV,2971,19484
1039220580279496704,2018-09-10 18:34:28,fear is the absence of love and fear is the source of all of our evil. love is the absence of fear and love is the‚Ä¶ https://t.co/J2d8OQIfgS,40298,134486
1039031265788186624,2018-09-10 06:02:12,Neil Strauss is the only writer that Larry Hoover would trust to do his book and me and GLC bumped into him at dinn‚Ä¶ https://t.co/BgHGbV8XHv,1027,12270
1039026006185586688,2018-09-10 05:41:18,We‚Äôre doing Chicago Comedy Jam.  We‚Äôre going to restore the Regal Theatre,2229,22256
1038992296769777665,2018-09-10 03:27:21,I will teach a course at the Art Institute of Chicago and the American Academy of Art,7317,74925
1038990702028308480,2018-09-10 03:21:01,we need to be overwhelmed with love and inspiration,42619,123907
1038990379683434496,2018-09-10 03:19:44,it is super inspiring I‚Äôd even say it is overwhelming which is my favorite description,1335,15332
1038989969522536448,2018-09-10 03:18:06,We visited theaster gates stony island art bank last week,590,9067
1038988558592135168,2018-09-10 03:12:30,We‚Äôre putting a Yeezy office in Chicago,6275,65703
1038573949880164352,2018-09-08 23:45:00,throne2 coming soon,91517,267290
1038498573933924352,2018-09-08 18:45:29,2024,18717,100244
1038398647375810560,2018-09-08 12:08:24,We are Gods,27786,106804
1038128225002577920,2018-09-07 18:13:50,I can only be the boss. I don‚Äôt have the time otherwise. It takes time to talk people into things. It takes no time‚Ä¶ https://t.co/UW3WY2igPj,21018,93788
1037897082734927872,2018-09-07 02:55:22,https://t.co/d3w2h2tFF5 live in 15 min,1870,12939
1037260528266108929,2018-09-05 08:45:55,This is all Jedi level. I will be coming to your show within the next seven days to give love and be inspired by the art you have created.,8541,60305
1037260472712478721,2018-09-05 08:45:42,I understand Pusha‚Äôs issues as a man if someone mentions your fianc√© men go mask off. I‚Äôve done the same myself at‚Ä¶ https://t.co/DggtA7xOUe,5548,35068
1037258769065893889,2018-09-05 08:38:56,I did not have any conversations about your child with Pusha. I don‚Äôt play with the idea of people‚Äôs children after‚Ä¶ https://t.co/KQ2SsRZJrN,12305,75021
1037258203426222080,2018-09-05 08:36:41,I never listened to either diss track that followed but I did hear quotes from both songs after they were released,3841,23617
1037257815683870722,2018-09-05 08:35:09,since we were building as friends and brothers I should have spoken to Pusha about the Quentin Miller bar. There sh‚Ä¶ https://t.co/f2YcQAb0bt,4555,26793
1037257239705186305,2018-09-05 08:32:51,plane taxiing for take off... because we spoke about doing Lift Yourself together I should have given you the oppor‚Ä¶ https://t.co/WF0qX3n4bV,3114,19310
1037248589309730817,2018-09-05 07:58:29,When I put the dates up I was a bit ramped up doing 25 tweets a day  TMZ happened shortly after ‚Ä¶    I have to hop‚Ä¶ https://t.co/lAbbhpq17q,3327,22256
1037248508116398080,2018-09-05 07:58:10,Let me start by  apologizing for stepping on your release date in the first place ‚Ä¶  We were building a bond and wo‚Ä¶ https://t.co/5BjZH3JY0o,5848,38103
1037248184215527425,2018-09-05 07:56:52,"Sending good energy and love to Drake and family and crewüíúüíúüíú 

I haven‚Äôt seen the show in person but the images loo‚Ä¶ https://t.co/1paWIVdoji",10179,55982
1036120915640086528,2018-09-02 05:17:31,"set in Goudy font, from Chicago https://t.co/75e3gX7uxQ",504,5986
1035347824383119360,2018-08-31 02:05:31,https://t.co/UpRckAnGX4,1235,7918
1034980721394212864,2018-08-30 01:46:47,Michael we love you,15892,77930
1034545604490227712,2018-08-28 20:57:47,the world is the new art school,13473,63288
1034501234755915776,2018-08-28 18:01:29,let‚Äôs make ourselves happy,92038,199368
1034276784722796545,2018-08-28 03:09:36,If I don‚Äôt lose myself... it‚Äôs not me -George Condo,5821,32592
1034115344233709568,2018-08-27 16:28:05,there‚Äôs no such thing as an old living person    people from thousands of years ago perhaps are old      if you‚Äôre alive you‚Äôre young,8672,54149
1034108313363857409,2018-08-27 16:00:09,offering a service is having a purpose,7195,34692
1034108182090534914,2018-08-27 15:59:38,Halloween is the only day you‚Äôre not in a costume,46226,173891
1034102420530454528,2018-08-27 15:36:44,This is not only the greatest animation achievement in history       the subject matter is so relevant to the current state of the world,2086,16126
1034102337386700800,2018-08-27 15:36:24,Every stage show I‚Äôve ever worked on       Every video    not just Stronger      every product    even when I was i‚Ä¶ https://t.co/ETKXItQd1s,4850,32338
1032311322292060160,2018-08-22 16:59:33,"https://t.co/48B0T5HeRk

When we work on our shoes   apparel and accessories   I just think  ...    If this thing w‚Ä¶ https://t.co/Tg9l5XBRZk",2004,13281
1032304033942319105,2018-08-22 16:30:35,creating a universal language is super fun,6213,53148
1032277327915282432,2018-08-22 14:44:28,My friend Anthony Schiller pointed out that I didn‚Äôt mention Ernest Cline when I tweeted about Ready Player one. Er‚Ä¶ https://t.co/YNMcwpzxxg,1197,18399
1032007965706874880,2018-08-21 20:54:07,spend as much time outside as possible     fresh air is healing,40234,160026
1031967398801244161,2018-08-21 18:12:55,stay inspired,43712,124101
1031644479629885440,2018-08-20 20:49:45,2015 feels like just yesterday   Adidas is a great partner,4841,56343
1029102613575348224,2018-08-13 20:29:17,deprogram,6278,28442
1029102535389237250,2018-08-13 20:28:58,we‚Äôre no longer fighting for change we‚Äôre simply changing things,26893,103603
1029058826010484737,2018-08-13 17:35:17,operation try love    take someone you don‚Äôt like and say something you like about them out loud,16339,71933
1029058606363103233,2018-08-13 17:34:25,no one is better than anyone,79986,225312
1029004267967803392,2018-08-13 13:58:30,https://t.co/GMoi5FfJTp,1866,9665
1029003810939654144,2018-08-13 13:56:41,RT @jimmykimmel: Not every question warrants an immediate answer. Some answers need to be considered and a talk show with time constraints‚Ä¶,6523,0
1028670642965557248,2018-08-12 15:52:47,https://t.co/hMvsSTpGv0   @trvisXX,2312,13984
1028429067069009921,2018-08-11 23:52:51,I was so happy when I saw Jimmy walk out in the Yeezys. That was an olive branch. He lead with love. I appreciate J‚Ä¶ https://t.co/qXW40LTYOV,4709,64277
1028428816257970176,2018-08-11 23:51:51,The question was so important I took time to think. And then I was hit with the let‚Äôs go to commercial break. That‚Ä¶ https://t.co/aatyauwC3T,13714,95756
1028428728496312320,2018-08-11 23:51:30,On Jimmy Kimmel  we had a great time having a dialogue. I‚Äôm reading that I was stumped by a question. Let me clarif‚Ä¶ https://t.co/HWDutmAwjC,20145,118008
1028154981348589568,2018-08-11 05:43:44,"RT @DJClarkKent: Sitting in the studio with my man @kanyewest and he said.. ""Clark, let that new ""XTCY""joint go!!! So.. ENJOY: NEW KANYE WE‚Ä¶",4199,0
1028080343398547456,2018-08-11 00:47:09,üî•üî•üî• https://t.co/qcPA5Pjhlj,24275,107650
1027990215766372352,2018-08-10 18:49:01,Tadao Ando https://t.co/dpROMvnrCF,711,5606
1027986318041608192,2018-08-10 18:33:31,turn shame to power,21431,77335
1027982314075082752,2018-08-10 18:17:37,I‚Äôm working on removing the word I ...correction we‚Äôre working on removing the word I,8158,63724
1027932740899860482,2018-08-10 15:00:38,https://t.co/2H00wzVl87,4062,18844
1027333842095357953,2018-08-08 23:20:49,"üî•üî•üî•üî•Caiden Cop Shot The Kid

https://t.co/otyccZCACH",972,8655
1027003626722549765,2018-08-08 01:28:40,"RT @jimmykimmel: On Thursday night, HURRICANE KANYE strikes @JimmyKimmelLive! @KanyeWest",2561,0
1025172700224880640,2018-08-03 00:13:13,You guys are so important and what you do is so special and inspiring to our planet       Thank you for being so great,18826,121483
1025172483157020672,2018-08-03 00:12:21,Steve Jobs you are one of my biggest inspirations and your story spirit and drive helps to push me everyday      co‚Ä¶ https://t.co/0jt4pQQX0B,8961,68663
1023860670104653824,2018-07-30 09:19:40,when speaking about sections of the company I like to use the word arms instead of divisions,3441,37562
1023679776937017345,2018-07-29 21:20:52,inject a bit of love like it‚Äôs an IV drip,10517,44087
1023679642278850560,2018-07-29 21:20:20,do things from love    not ego and not pride,71837,191976
1023679520883109888,2018-07-29 21:19:51,instead of saying I‚Äôm proud you can say I love this,6613,35181
1023679167232008194,2018-07-29 21:18:27,replace pride with love,27512,72057
1023678958556987392,2018-07-29 21:17:37,Follow your heart and find your tribe. Your tribe are people with similar passions,43972,147789
1023678610706640896,2018-07-29 21:16:14,you can love people that you don‚Äôt want to go to lunch with everyday,25907,111864
1023678437758619648,2018-07-29 21:15:33,you can love everyone but everyone isn‚Äôt your tribe,22511,76107
1023678260431880193,2018-07-29 21:14:50,love everyone,13657,46226
1023678208703528960,2018-07-29 21:14:38,love is infectious,8957,33357
1023677914959634434,2018-07-29 21:13:28,love is generous,9719,35418
1023677856063270912,2018-07-29 21:13:14,pride is one of the deadliest sins,24663,75388
1023677647933427712,2018-07-29 21:12:24,pride is selfish,11348,39958
1022952843563556864,2018-07-27 21:12:18,"How to NOT kill yourself pt 1

Avoid being around people who make you want to kill yourself",205046,609408
1022952669906796545,2018-07-27 21:11:36,"To make this clear and not weird 
I‚Äôve had these kinds of thoughts and I‚Äôm going to tell you things I‚Äôve done to stay in a content place.",3505,29480
1022952578886250496,2018-07-27 21:11:15,I saw the Alexander McQueen documentary and I connected with his journey. I know how it feels to want to take your‚Ä¶ https://t.co/mg5ksSnsPL,4166,33710
1022917782327848960,2018-07-27 18:52:58,trust your feelings don‚Äôt calculate your perception,36326,111755
1022898502307729408,2018-07-27 17:36:22,"RT @RealCandaceO: ‚ÄúGreat minds don‚Äôt think alike, they think for themselves‚Äù  -Sakiyah",17416,0
1022893971721211904,2018-07-27 17:18:21,break the status quo,9759,41486
1022893905325379584,2018-07-27 17:18:06,stop trying     start doing,77898,203661
1022893435844325381,2018-07-27 17:16:14,love everyone,35604,108922
1022537498101043200,2018-07-26 17:41:52,I‚Äôm not taking no advice for the rest of my life,53801,189689
1022537461593821184,2018-07-26 17:41:43,I hate talking about things I‚Äôm supposed to talk about,30766,108096
1021905095435280384,2018-07-24 23:48:55,feeling super creative,28447,149135
1020070294751342592,2018-07-19 22:18:04,"this is amazing  @Project2one5 and @TEYANATAYLOR 
We gotta send them some Yeezys though üôåüôåüôå  https://t.co/c1yCTEm6ql",1093,10988
1018570204010274816,2018-07-15 18:57:15,"The universe is on our side, I‚Äôm so excited",40673,172524
1018433346668453889,2018-07-15 09:53:26,It‚Äôs just another example of elitism and classism.   If you read Prince or Michael‚Äôs Wikipedia their title is recor‚Ä¶ https://t.co/ptly2xddYM,3918,30462
1018432945839673344,2018-07-15 09:51:50,"Music is an art form.   When reporters call me ‚Äúthe singer,‚Äù the rapper"" or even the ""pop star"" there‚Äôs an air of c‚Ä¶ https://t.co/Ln86Dezxf8",9360,67347
1018257129457606656,2018-07-14 22:13:12,I had a sinus headache on a flight once and I got a fucking cat scan after because it was so bad,8049,74090
1018257068245970944,2018-07-14 22:12:58,Whenever you‚Äôre feeling down bored irritated or disgruntled just say‚Ä¶ thank god I don‚Äôt have a sinus headache ‚Ä¶ the‚Ä¶ https://t.co/ienbMvqPH6,27108,155337
1018176769843593216,2018-07-14 16:53:53,creatives need each other,53561,173857
1017560703891197952,2018-07-13 00:05:51,when in doubt... don‚Äôt,78408,238692
1017492030761549824,2018-07-12 19:32:58,wholesale is dangerous for creatives,5647,38669
1017477742260961280,2018-07-12 18:36:12,Yeezy is an organization ran by the creative. The creative make the final decisions here.,7504,66965
1015818124698910721,2018-07-08 04:41:28,Chasing validation is like putting your soul in a plank position,62504,206630
1015739944059449345,2018-07-07 23:30:48,"I used to spend every moment I had free at the Moss store 

https://t.co/8Mo2AkKGVx",729,8106
1012045191216156673,2018-06-27 18:49:11,https://t.co/keACtfDvtD,943,7405
1012045148031631360,2018-06-27 18:49:00,https://t.co/hUzYzgu45U,1602,12083
1010015133785939969,2018-06-22 04:22:27,the universe is on our side bro,71029,261515
1007434769544634368,2018-06-15 01:29:00,RT @Nas: My album release party tonight LIVE with @YouTubeMusic ‚Üí https://t.co/KF1DIxFaw4 #NASIR,4062,0
1007242346763698176,2018-06-14 12:44:23,sometimes I have trouble saying no because I want to help everyone,104054,279430
1007242171362054144,2018-06-14 12:43:41,this is new for me but it‚Äôs just how I feel now. I don‚Äôt know why. I thought my ego protected me from doubters so t‚Ä¶ https://t.co/pC1d7C5UkK,5883,38885
1007240200727089153,2018-06-14 12:35:52,Who or what is Kanye West with no ego? Just Ye,12726,85423
1007239893481766912,2018-06-14 12:34:38,I killed my ego,21847,101680
1007239693291773952,2018-06-14 12:33:51,your pride can be and will be used against you,24343,72507
1007239618041765889,2018-06-14 12:33:33,be great without pride,13275,42609
1007239543408357377,2018-06-14 12:33:15,give without pride,8531,32083
1007052712905592832,2018-06-14 00:10:51,"RT @s_lomba1: Thank you for #KidsSeeGhosts , @KidCudi and @kanyewest . Reborn‚Äôs meaning is as beautiful as the album artwork. Thanks a bunc‚Ä¶",1704,0
1007052675714711552,2018-06-14 00:10:42,"RT @LuisRagon7: ""Everybody want world peace, till your niece gets shot in the dome-piece, then you go and get your own piece, hoping it'll‚Ä¶",2689,0
1007052630416228352,2018-06-14 00:10:31,üò¢üôèüôèüôèüôè https://t.co/0Z5HDZFnx4,4931,39844
1007052527081119745,2018-06-14 00:10:07,RT @Bubbabue: @kanyewest Your album #ye is an inspiration. I can completely relate to every song.  I‚Äôm going through my own issues right no‚Ä¶,703,0
1007052477215019008,2018-06-14 00:09:55,RT @danicapelli: i remember tweeting about synchronicities but this whole era really takes the cake for me. this man call bipolar disorder‚Ä¶,758,0
1006959393965948928,2018-06-13 18:00:02,Leaders create leaders,50823,165457
1006694708867842048,2018-06-13 00:28:16,Supermoon YEEZY desert rat campaign shot by Eli Linnetz üî•üî•üî•üî•üî•üî•üî•üî•üî•üî•üî•üî•üî•üî•üî•üî•üî•üî•,1559,17125
1006683361690116096,2018-06-12 23:43:11,freeeeeeeeeee https://t.co/ioKUaaVy2a,647,6826
1006680756779798528,2018-06-12 23:32:50,I be taking naps,158825,309401
1006668235142361088,2018-06-12 22:43:04,Bloody Dior in Wyoming hoodie https://t.co/RkRAtb0BfL,877,7717
1006630138920906752,2018-06-12 20:11:42,https://t.co/V7ZeBuufOB,2303,11601
1006621639419703296,2018-06-12 19:37:55,your guys writing and approach is so innovative ‚Ä¶ I love how you guys break the 4th wall‚Ä¶ thank you for being innov‚Ä¶ https://t.co/fkay133ewy,3014,36893
1006621583572492288,2018-06-12 19:37:42,I love both Deadpool moviesüî•üî•üî•üî•üî•üî•üî•üî•üî•‚Ä¶  I heard tracks in it that sound similar to mine‚Ä¶  bro I would have cleared my music for Deadpool ‚Ä¶,16544,171320
1006350203140468737,2018-06-12 01:39:20,Thank you to everyone who supported our 8th number 1 album  üôåüôåüôåüî•üî•üî•üî•üî•üî•üî•üî•üî•üî•üî•üî•üî•üî•üî•üî•üî•üî•üî•üî•üî•   all love   all great energy‚Ä¶ https://t.co/AdUmHGnfd7,19489,153412
1006333245560983552,2018-06-12 00:31:57,https://t.co/PsUa8R6g67,986,9977
1006240112651337728,2018-06-11 18:21:52,We‚Äôre trying new ideas without the fear of not being perfect‚Ä¶  It‚Äôs just a gut feeling sometimes‚Ä¶ just making stuff with your friends‚Ä¶,22408,113458
1006240061686366208,2018-06-11 18:21:40,We‚Äôre here creating in real time just having fun.     I hear the albums blasting out of the cars when I walk down t‚Ä¶ https://t.co/Btr6jZBeYP,8487,63509
1006239896254607360,2018-06-11 18:21:00,Just wanted to say I‚Äôm up in the morning working on the Nas album  and I‚Äôm so humbled by all the love we‚Äôre getting‚Ä¶ https://t.co/0KpWPPvzt0,21787,159091
1006210012287401986,2018-06-11 16:22:16,üòÇ https://t.co/0cbuZDQSuO,1247,11519
1004890866954063872,2018-06-08 01:00:27,Download the @WAV_Media app https://t.co/HxSvFHiSrY to watch the livestream of the KIDS SEE GHOSTS listening party tonight @ 8pm PST,3900,19458
1004832338650357762,2018-06-07 21:07:53,RT @tylerthecreator: see if i was tryna relate to more people i would say im struggling with loving myself because that seems like a common‚Ä¶,53913,0
1004561635153883136,2018-06-07 03:12:12,https://t.co/ssV4UeFpiL,6483,57560
1004430170189467648,2018-06-06 18:29:48,"RT @KimKardashian: So grateful to @realDonaldTrump, Jared Kushner &amp; to everyone who has showed compassion &amp; contributed countless hours to‚Ä¶",18840,0
1004430115902652416,2018-06-06 18:29:35,RT @KimKardashian: I hope to continue this important work by working together with organizations who have been fighting this fight for much‚Ä¶,5166,0
1004430080611794944,2018-06-06 18:29:27,RT @KimKardashian: The phone call I just had with Alice will forever be one of my best memories. Telling her for the first time and hearing‚Ä¶,12465,0
1004342273071505408,2018-06-06 12:40:32,https://t.co/r2idQETRCQ,5154,26843
1004221826438844416,2018-06-06 04:41:55,https://t.co/bYVgnuMASB,1043,9735
1004193086321221633,2018-06-06 02:47:43,#1 in 83 countries üôåüôåüôå  https://t.co/Z8FC9LPL7W,8969,60084
1002784133888688128,2018-06-02 05:29:03,I‚Äôve never been about beef¬†¬†¬†¬†I‚Äôm about love ¬† ¬†lines were crossed and it‚Äôs not good for anyone ¬† ¬†so this is dead now,29962,165287
1002638729259843585,2018-06-01 19:51:15,https://t.co/xYu7lH1rZ7,3483,22094
1002352319239839744,2018-06-01 00:53:10,"Download the @WAV_Media app https://t.co/HxSvFHiSrY¬†¬†to watch the livestream of my album listening tonight in Jackson Hole, Wyoming 7PM MDT",6429,27043
999878225323999232,2018-05-25 05:02:00,New  Flacko üî•üî•üî•üî•üî•üî•üî•üî•üî•üî•üî•üî•üî•üî•üî•üî•üî• https://t.co/F3lAEVGX4A,20005,81057
999810956912836608,2018-05-25 00:34:42,gratitude and happiness best describe what my wife means to me. I‚Äôm deeply grateful and purely happy üòä,15586,146575
999777955894050816,2018-05-24 22:23:34,Daytona is the first project out of Wyoming.  I‚Äôm really proud of what we put together.   We‚Äôve spent a year and a‚Ä¶ https://t.co/rnQ2uXTSeE,9685,67883
998642370747887622,2018-05-21 19:11:09,before Edward Bernays Americans purchased things based off needs       There was a a time in the 20s when women did‚Ä¶ https://t.co/FQMq29vChC,2767,17401
998642119123206144,2018-05-21 19:10:09,the century of self   https://t.co/JVvJby2TFq        It‚Äôs 4 hours long but you‚Äôll get the gist in the first 20 minu‚Ä¶ https://t.co/6h5mjB1qih,2676,15740
998641627328536578,2018-05-21 19:08:12,Google dopamine,5476,28046
998641541395636226,2018-05-21 19:07:51,there was a time when we completely operated without phones.  We're addicted to our phones.,31187,138351
998641417072271360,2018-05-21 19:07:22,Look at your phone as tool not an obligation.    Would you walk around with a hammer in your pocket?    You would p‚Ä¶ https://t.co/U7lY1tRZXH,61387,238319
998615853896581120,2018-05-21 17:25:47,sometimes we all need hugs,125566,304841
997203474008846337,2018-05-17 19:53:30,"ü§£ü§£ü§£
https://t.co/I8lcHB8gxf",2187,17141
996420605485314048,2018-05-15 16:02:39,for anyone whose tried to text or call me in the past 2 weeks   I got rid of that phone so I could focus on these albums,17476,157910
995406393891958784,2018-05-12 20:52:32,rules are structure for people who can‚Äôt carve their own path successfully,47960,171935
994679218356146176,2018-05-10 20:43:00,https://t.co/eUnzwhr72z¬†¬†¬†¬†¬†¬†This is the greatest news¬†¬†¬†¬†¬†¬†This is my favorite show¬†¬†¬†¬†¬†I‚Äôve seen every episode at least 5 times each,32678,133184
993899071650676737,2018-05-08 17:02:59,free thinking is a super power,54852,206600
993562911560761344,2018-05-07 18:47:12,I‚Äôm hyper focused on the now,19289,90493
993232125796089856,2018-05-06 20:52:46,Childish Gambino - This is America     https://t.co/sknjKSgj8c,14214,72452
993231555328815105,2018-05-06 20:50:30,üòÇüòÇüòÇüî•üî•üî• https://t.co/KmvxIwKkU6,7574,42070
993221454740185088,2018-05-06 20:10:22,we‚Äôre starting a Yeezy architecture arm called Yeezy home. We‚Äôre looking for architects and industrial designers wh‚Ä¶ https://t.co/0DGrDZ9DEz,8795,75100
993212368225124353,2018-05-06 19:34:16,naps are awesome,181407,408809
992962234102857728,2018-05-06 03:00:19,All music coming out of Yeezy sound has to ride like the new Tesla   Yeezy sound is Tesla radio,7898,72212
992802186651316224,2018-05-05 16:24:21,take a walk outside.  Fresh air is healing,66862,253696
992515804989018112,2018-05-04 21:26:22,"In a moment of inspiration, energy and excitement I had posted this sketch and would like to acknowledge the true c‚Ä¶ https://t.co/e6rRdA9Ae4",2228,23519
992515744381321216,2018-05-04 21:26:08,Today I learned that a newly hired designer on the Yeezy team presented work that was not of their own. This person‚Ä¶ https://t.co/56QUEjfpA7,6434,71634
992476928346017792,2018-05-04 18:51:53,enjoy the present,38142,122660
992476137870606336,2018-05-04 18:48:45,if you‚Äôre in the way of your own life you‚Äôll end up in the way of other people‚Äôs lives too,23880,97579
992404023197224960,2018-05-04 14:02:11,I can‚Äôt wait for electric planes.  Elon please hurry up with the ‚ö°Ô∏è jetsüò≠,6001,59887
992398514603704320,2018-05-04 13:40:18,I can still feel the love,27904,150293
991561089291702274,2018-05-02 06:12:40,most fear is learned,28964,119637
991467468655755264,2018-05-02 00:00:39,"when the media masses and scholars talk about what started today. Here's a title ... 

the overground hell road",3738,28648
991466711583895553,2018-05-01 23:57:39,in school we need to learn how magic Johnson built his business not always about the past. Matter fact I've never e‚Ä¶ https://t.co/pbEjTJeCgR,12026,63425
991466191536377858,2018-05-01 23:55:35,we are programmed to always talk and fight race issues. We need to update our conversation.,15542,70287
991466129821392896,2018-05-01 23:55:20,the universe has a plan. I knew that TMZ would be awesome.,3182,28021
991459083797413888,2018-05-01 23:27:20,we need to have open discussions and ideas on unsettled pain,7120,35208
991348957585358848,2018-05-01 16:09:44,https://t.co/Br5kIafXtG   Charlamagne interview also on YouTube,7631,30814
991348818053492736,2018-05-01 16:09:11,https://t.co/V7ZeBuufOB     Charlamagne interview,3159,15855
991192797435711488,2018-05-01 05:49:13,Making of ye vs the people        https://t.co/1xvft3175J,8067,43596
991117050289405952,2018-05-01 00:48:13,stop thinking about things for a long time without saying what you think,50543,165731
991059206655492096,2018-04-30 20:58:22,we're starting WORLD LOVE 1 right now the opposite of a WORLD WAR,16237,80130
991059037989978112,2018-04-30 20:57:42,Through speech it may be saying simply the word love at the end of a phone call or just saying much love.,2239,16880
991059006025220096,2018-04-30 20:57:34,"I feel it was heavy handed for me to tell people to tell people ""I love you""  I would ask that we show love how eve‚Ä¶ https://t.co/3HX9nQOMzu",5907,37914
991056660650065920,2018-04-30 20:48:15,We are all great artists. I said something ego driven in the Charlamagne interview that I'd like to update. I said‚Ä¶ https://t.co/vOcA8SE8du,4507,36050
991051930011975680,2018-04-30 20:29:27,https://t.co/sIVjyPJslJ,746,5755
991037236736024576,2018-04-30 19:31:04,love is infinite,32228,99760
991027869957603328,2018-04-30 18:53:51,Axel Vervoordt the globe,761,7373
991018904515301377,2018-04-30 18:18:13,we‚Äôre opening up the conversation to the psychologists sociologists and philosophers of the world and we're moving‚Ä¶ https://t.co/AifFGXQd7f,15558,79853
991013645986418688,2018-04-30 17:57:20,"Yeezy is also food shelter communication education and now a VC 

we've invested in 3 companies since last week",2312,21898
991013625354579968,2018-04-30 17:57:15,There has never been a Disney or Apple of apparel and now there is. We are hiring the greatest technical and indust‚Ä¶ https://t.co/ybClLIhfeH,2271,23618
991001280989442048,2018-04-30 17:08:11,Try to avoid repetition     do meetings in different places and at different times than the normal     break the normal,8291,55460
990819984749162496,2018-04-30 05:07:47,https://t.co/JAw0pMKGqb,1894,13894
990786763021955073,2018-04-30 02:55:46,https://t.co/R1BecN4mMf,1619,14419
990734224670867456,2018-04-29 23:27:00,I'm at Sci-arc and just learned about desalination   Looking at a project by Ashley Morgan Hastings   But I can't t‚Ä¶ https://t.co/jXpDbJj9GE,1423,17456
990699431774244864,2018-04-29 21:08:45,There's a silent majority of people that have been silenced for too long,25145,120319
990698030939582464,2018-04-29 21:03:11,we're being starved and anyone who starts asking unpopular questions gets demonized. Only free thinkers can change the world,26618,121700
990697283174858752,2018-04-29 21:00:13,we‚Äôre in this so-called information age but we're starving for wisdom,18903,80962
990696647226146816,2018-04-29 20:57:41,we're dying to be ourselves,18567,66277
990695668174831616,2018-04-29 20:53:48,Or we‚Äôre dying because we've lost our inner child,6972,35271
990695427262500865,2018-04-29 20:52:50,or at least we're dying to be kids,4110,23612
990695360086532096,2018-04-29 20:52:34,We‚Äôre all kids,10637,45452
990695290301657090,2018-04-29 20:52:18,What would you do today if you are not afraid of the consequences of failure?,27561,104696
990695088685703169,2018-04-29 20:51:30,what makes kids so important to learn from psychologically is that they are not afraid to fail,5742,32268
990694237917233152,2018-04-29 20:48:07,Art is the escape hatch from oppression,6633,30804
990693938930401280,2018-04-29 20:46:55,Art is the threat to authority,9042,39847
990687143218462720,2018-04-29 20:19:55,energy is contagious,45927,126932
990611593699385344,2018-04-29 15:19:43,We can shape our future. I'm an optimist at my core. I know there will be harmony,12080,71159
990471537886019584,2018-04-29 06:03:11,Remove worry,38635,124038
990405067676135425,2018-04-29 01:39:03,"https://t.co/szDOyewQLK¬†¬†¬†¬†

I'm posting this but not as a diss to J Cole. I love J Cole. I also love where Purp took his flow",11275,47911
990336500058406912,2018-04-28 21:06:35,today is the best day ever and tomorrow's going to be even better,47949,180595
990322711422423040,2018-04-28 20:11:48,Trust your feelings. Stop thinking so much,104692,269322
990278445992108032,2018-04-28 17:15:54,I've got a new challenge for everyone today. Pick somebody that you had an argument with that you think you hate ma‚Ä¶ https://t.co/iIBFga66W3,50770,193197
990024126860423168,2018-04-28 00:25:20,Lift Yourself¬†¬†https://t.co/shjFIROujA,25676,86765
989916597195173888,2018-04-27 17:18:03,"I'm going to drop a song with a verse that will bring Ebro the closure he's been seeking 

The bars üî•üî•üî•üî•üî•üî•üî•üî•üî•üî•üî•üî•üî•üî•üî•‚Ä¶ https://t.co/QucTixF8g6",14980,105929
989897228511670272,2018-04-27 16:01:05,I haven't done enough research on conservatives to call myself or be called one. I'm just refusing to be enslaved by monolithic thought.,28121,196251
989644613559369729,2018-04-26 23:17:17,Artist transform tragedy into beauty,16539,70291
989627142014025729,2018-04-26 22:07:51,spread love. Put more love into the universe.,43403,129883
989571974018973697,2018-04-26 18:28:38,we are more worried about what we can lose than what we feel,43072,134564
989571189713518594,2018-04-26 18:25:31,it's really cool to say I hate you. But it's not cool to say I love you. Love has a stigma,17964,83601
989562129496731648,2018-04-26 17:49:31,"Instead of doing what you feel 
you just do what other people think you should do",15962,64299
989562041324089344,2018-04-26 17:49:10,Your conscience should allow a physical manifestation of your subconscious but right now most peoples conscious is‚Ä¶ https://t.co/MpCqvUdK9E,21872,88413
989556813849739264,2018-04-26 17:28:24,try telling people you love them it actually feels weird at first. We're really good at hating each other. We have‚Ä¶ https://t.co/bqNmzbhH1o,57899,205917
989555920186228736,2018-04-26 17:24:51,the concept of loving people has a stigma,6095,33094
989554923074240512,2018-04-26 17:20:53,my friend said he texted all his friends this morning and said I love you,3581,34401
989554444990738432,2018-04-26 17:18:59,John Legend new single on line now üòÇ,5619,60087
989554372043460608,2018-04-26 17:18:41,This is year one. We can't ad empathy to MAGA by hating. We can only ad empathy with love and time and truly hearing all sides,6684,44490
989554344457453568,2018-04-26 17:18:35,I really appreciate this dialogue with John Legend because I'm actually very empathetic. Im still the kid from the‚Ä¶ https://t.co/ybUZfYAFBR,3658,36866
989549960436699136,2018-04-26 17:01:10,if you feel something don't let peer pressure manipulate you,30305,122305
989548514186178560,2018-04-26 16:55:25,I tweeted the John text to show that there are people around me that disagree with me and voice their opinion. I re‚Ä¶ https://t.co/TRiNcu5i3f,13889,106200
989533251059437569,2018-04-26 15:54:46,People usually don't agree with people who don't agree with them,30470,115714
989526297758978048,2018-04-26 15:27:08,The world is our family,8578,47758
989525041669787649,2018-04-26 15:22:09,just think of someone you hate and try saying even to yourself that you love that person.,9767,51135
989524525241982980,2018-04-26 15:20:05,Though hate is a similar emotion to love. Hate is not the answer.  Love is.,13711,61461
989281218653966336,2018-04-25 23:13:17,that's the last tweet of the day. I did that one for my god-brother Puff.  Now ima go watch the Cavs.,6207,67655
989275379889094658,2018-04-25 22:50:05,2 of my favorite people,2361,30918
989272340432240641,2018-04-25 22:38:00,Obama was in office for eight years and nothing in Chicago changed.,82962,290466
989272266377609216,2018-04-25 22:37:42,Claudio will be awesome when me and Chance build new homes in Chicago,4016,37428
989269268708511745,2018-04-25 22:25:48,Claudio Silverstein is a free thinker,1552,18586
989268601851920384,2018-04-25 22:23:09,Love is the most powerful force in the universe,59974,171343
989268464392011776,2018-04-25 22:22:36,let's move in love not fear,19957,73373
989257175322144768,2018-04-25 21:37:44,And any fan of me wants Ye to be Ye even when they don't agree because I represent the fact that they can be themse‚Ä¶ https://t.co/uxw3cXH2GU,25757,130927
989257137531506688,2018-04-25 21:37:35,"whenever someone mentions the word ""fan"" to me it's super manipulative. It's like ""don't do or say this because of‚Ä¶ https://t.co/89qWyRvoGh",13063,84126
989246183896858624,2018-04-25 20:54:04,I want to see a tour with Nikki Minaj and Cardi B,39672,199700
989244800409862144,2018-04-25 20:48:34,I'd like to meet with Tim Cook. I got some ideas,4277,42341
989241138107236352,2018-04-25 20:34:01,need Hype Williams for Nas movie,2689,22427
989238679058038784,2018-04-25 20:24:14,I'm sitting with Lucian discussing the future of the music industry. Lets bring in David Joseph and Frank Bridgman and Olivier Nusse.,1232,13827
989238637765083136,2018-04-25 20:24:05,I'd like Scooter Braun to be a part of this new platform we're creating. Scooter is a genius.  He's more than a man‚Ä¶ https://t.co/9DYEiMwxcy,2205,26699
989227852162785280,2018-04-25 19:41:13,I'm so happy to hear that Peter Thiel would like to take a meeting. I feel very optimistic about the future.,4002,34846
989217091541549056,2018-04-25 18:58:28,I need to meet with Larry from google,3164,27777
989215788211949568,2018-04-25 18:53:17,Google supports YEEZY in ending violence in Chicago to start with,4038,39949
989214823320727552,2018-04-25 18:49:27,we'd be a strategic investor. Not just a VC,1372,14957
989211363166711808,2018-04-25 18:35:42,I'm 40 years old and I'm just now becoming my parents child.,5160,57552
989197113648037888,2018-04-25 17:39:04,I‚Äôm nice at ping pong,63880,201824
989193123065561089,2018-04-25 17:23:13,Kids See Ghost short film will be shot by Dexter Navy,6603,45105
989192498307219456,2018-04-25 17:20:44,my wife just called me and she wanted me to make this clear to everyone. I don't agree with everything Trump does.‚Ä¶ https://t.co/CuUkTnXRYG,59984,353778
989189213202477057,2018-04-25 17:07:41,Yeezy VC invests in and develops food clothing shelter and communications,2016,19767
989184954310410240,2018-04-25 16:50:45,burn that excel spread sheet üî•üòÇ,6617,33245
989184815340535808,2018-04-25 16:50:12,decentralize,10346,39720
989184405187973120,2018-04-25 16:48:35,fear takes strategy   Unlearn linear thinking   Hit you with these zig zag thoughts,5878,28804
989181787485028353,2018-04-25 16:38:10,no race religion region or political party can argue with the power of love,19100,78668
989181710787989504,2018-04-25 16:37:52,When my daughter acts out she actually says afterwards I just want to hear you say I love you more.,6265,56275
989181692614098944,2018-04-25 16:37:48,"I said express love more because we have love but we don't express it.  My friend Tmills will always say ""I love yo‚Ä¶ https://t.co/tgFiUU8ptA",9728,56019
989181401223249921,2018-04-25 16:36:38,with love I am invincible. Truth is subjective but love is the most powerful force in the world and the world needs to express more of it.,17009,53155
989180231930925056,2018-04-25 16:32:00,And also I'm all the way out the sunken place. And I'm not scared anymore. I'm not scared of the media. I'm not sca‚Ä¶ https://t.co/myRrSGkQL6,15993,94788
989180180659777536,2018-04-25 16:31:47,"I love when people have their own ideas. You don't have to be allowed anymore. Just be. 

Love who you want to love‚Ä¶ https://t.co/g8brHi6tkX",12227,58167
989179949851463681,2018-04-25 16:30:52,If your friend jumps off the bridge you don't have to do the same. Ye being Ye is a fight for you to be you. For pe‚Ä¶ https://t.co/jEtRk4Z9sC,7271,49222
989179757651574784,2018-04-25 16:30:06,You don't have to agree with trump but the mob can't make me not love him. We are both dragon energy. He is my brot‚Ä¶ https://t.co/jy5FzoNYwg,79595,326501
989177694309859328,2018-04-25 16:21:55,Free thinkers don't fear retaliation for your thoughts.  The traditional thinkers are only using thoughts and words‚Ä¶ https://t.co/ShRW1lE3sA,27404,99403
989173553852366849,2018-04-25 16:05:27,Rocky we gotta release our songs ASAP,51287,201962
989171941998149637,2018-04-25 15:59:03,I'm turn the Grammys into the Yammys,16539,82131
989168789378842624,2018-04-25 15:46:31,Trav we gotta drop the track with me you and Uzi this week bro. Let's goooooooooooooooooooooooooüî•üî•üî•üî•üî•üî•üî•üî•üî•üî•üî•üî•üî•üî•üî•üî•üî•üî•,73543,220196
989165838803517440,2018-04-25 15:34:48,I leave my emojis bart Simpson color,28296,151039
989163923378094081,2018-04-25 15:27:11,I'm used to the heat of independent thoughts,5577,31115
989162213603557376,2018-04-25 15:20:24,yes I said we. We the people like my brother Q Tip said on the final Tribe album that should have won the Grammy,3700,25897
989162018664935424,2018-04-25 15:19:37,when we become president we have to change the name of the plane from Air Force one to Yeezy force one ‚òùÔ∏è,18031,78139
989160136798228480,2018-04-25 15:12:08,the Charlamagne interview just got an offer on 10 million. Yo @cthagod should we hold off for a hundred million???‚Ä¶ https://t.co/i7XnvJezjB,6585,42165
989158715868643329,2018-04-25 15:06:30,adidas have been great partners and they've let Yeezy be Yeezy.  This could've never happened at Nike,11057,71268
989158555855896576,2018-04-25 15:05:52,the Yeezy 700 is adidas most requested shoe,3390,28173
989158083203973120,2018-04-25 15:03:59,the desert rat 500 sold 250 thousand in one hour on Coachella weekend.  Please do not try to play Yeezy or anyone w‚Ä¶ https://t.co/KP5FhwrMZh,5500,29425
989157843214286848,2018-04-25 15:03:02,the Yeezy 350s sell 400 thousand pair in four hours. Only thing close to this is the iPhone.,5831,32000
989154899140096000,2018-04-25 14:51:20,let‚Äôs be like water üòÇ,4383,23874
989154809398706177,2018-04-25 14:50:58,oh and Ebro I love you. Ima let you finish but the Charlamagne interview is one of the best interviews of all time. üòÇ,6414,37783
989153701095915522,2018-04-25 14:46:34,now can I get back to my positive vibes üòÇüòÇüòÇüòÇüòÇüòÇüòÇüòÇüòÇüòÇüòÇüòÇüòÇüòÇüòÇüòÇüòÇüòÇüòÇüòÇüòÇüòÇüòÇüòÇüòÇüòÇüòÇüòÇüòÇüòÇüòÇüòÇüî•üî•üî•üî•üî•üî•üî•üî•üî•üî•üî•üî•üî•üî•üî•üî•üî•üî•üî•üî•üî•üî•üî•üî•üî•üî•üî•üî•üî•,10875,50037
989153539015434241,2018-04-25 14:45:55,People magazine. Watch how you speak my name. You would love a pair of Yeezys.  Don't play yourself.,14542,80288
989153474242752515,2018-04-25 14:45:40,Harvey Levin of TMZ your hearing from your future president. Let's be friends. Please never use the word erratic to‚Ä¶ https://t.co/BV82UVOSPL,7356,45021
989152639031001088,2018-04-25 14:42:21,I follow the shade room.  Please never try to play Ye.,5204,29057
989152533259022337,2018-04-25 14:41:56,I am this generations Ford Hughes Jobs Disney,6632,33776
989151947218345987,2018-04-25 14:39:36,We will reach the prices I've promised,3225,24473
989151925080752129,2018-04-25 14:39:31,there's been a lot of fake news so I just wanted to give you the facts. Yeezy will become the biggest apparel compa‚Ä¶ https://t.co/EQEGi2DSGy,7035,51088
989151098324697088,2018-04-25 14:36:14,I am currently the single highest paid person in footwear. That means I make more money on shoes than Michael Jordan.,15557,81119
989150253185052674,2018-04-25 14:32:52,We have 160 positions to fill by the end of the year. Yeezy will hit a billion dollars this year. It is the 2nd fas‚Ä¶ https://t.co/WM6hGLBNKG,8326,66170
989150208595406849,2018-04-25 14:32:41,yes I got rid of my last lawyer why? Because he wouldn't come to work full time. I also asked my last manager to co‚Ä¶ https://t.co/cf3z7aEmXa,2868,26228
989142351321874432,2018-04-25 14:01:28,"I'm nobody's ""client""",7301,53765
989142253468708864,2018-04-25 14:01:05,I no longer have a manager. I can't be managed,50949,228488
988989883849961472,2018-04-25 03:55:37,spread love,47592,119474
988984329295441921,2018-04-25 03:33:33,2024,33256,151826
988813591582134272,2018-04-24 16:15:06,never a master. Always a student.,51431,183031
988798056798670851,2018-04-24 15:13:22,to be great is to be misunderstood,49038,145738
988795997869391873,2018-04-24 15:05:11,"dragon üêâ energy 
Natural born leaders
Very instinctive 
Great foresight",7968,45953
988648873999548416,2018-04-24 05:20:34,you can say anything as long as you put the right emoji next to it.,72478,252793
988572877539569665,2018-04-24 00:18:35,If your foresight is incredible   Stay stubborn to your vision,17083,68448
988571191651713024,2018-04-24 00:11:53,I‚Äôve always had a desire to do things people wouldn‚Äôt even think to do,24265,99199
988542088747745280,2018-04-23 22:16:14,everyone should be their own biggest fan,116550,293843
988471442739159040,2018-04-23 17:35:31,even Prince once had an access pass,3628,33871
988463014423609345,2018-04-23 17:02:02,life is more exciting than the movies,15604,70067
988461387851550725,2018-04-23 16:55:34,Donald Glover is a free thinker,48024,237603
988456293248581632,2018-04-23 16:35:19,I feel like im 18 year old again when I make beats for Nas,18026,137722
988456198599929856,2018-04-23 16:34:57,new ideas will no longer be condemned by the masses. We are on the frontier of massive change. Starting from breaki‚Ä¶ https://t.co/5GKQ5T7JPn,21558,89985
988430865511301121,2018-04-23 14:54:17,we're evolving at warp speed,9324,52955
988241119166185472,2018-04-23 02:20:18,This is the funnest car I‚Äôve ever driven,5407,65244
988240316942630912,2018-04-23 02:17:06,I'm super chaaaaaarged.  Bout to take this whole thing to mars,14386,81038
988239755862097921,2018-04-23 02:14:53,I heard these are really good for the environment üôè,3189,34695
988239336788279296,2018-04-23 02:13:13,I really love my Tesla. I'm in the future. Thank you Elon.,26928,236900
988199197781323776,2018-04-22 23:33:43,Nas June 15th,48733,164542
988199097554296832,2018-04-22 23:33:19,I'm hand producing all the albums I tweeted about. Been chopping samples from the sunken place üòÇPusha May 25th My a‚Ä¶ https://t.co/Ix37c3LVYW,33609,139009
988166120984072192,2018-04-22 21:22:17,practice pure love,54402,124428
988165564257390592,2018-04-22 21:20:04,It‚Äôs no more baring people because they have different ideas.,5423,31286
988128753430638592,2018-04-22 18:53:48,self victimization is a disease,76533,222707
988128539231711237,2018-04-22 18:52:56,there was a time when slavery was the trend and apparently that time is still upon us. But now it's a mentality.,18211,74628
988127125545799680,2018-04-22 18:47:19,People respect people for following the general  trend and consensus,11078,47090
988126599408107520,2018-04-22 18:45:14,We live in a time where people don‚Äôt respect people for being themselves,79068,208608
988126492608495616,2018-04-22 18:44:48,Constantly bringing up the past keeps you stuck there,125352,304010
988122922936975360,2018-04-22 18:30:37,The thought police want to suppress freedom of thought,17076,71232
988122800459104256,2018-04-22 18:30:08,we have freedom of speech but not freedom of thought,31568,120679
988122682766970880,2018-04-22 18:29:40,People demonize people and then they demonize anybody who sees anything positive in someone whose been demonized,18637,70394
988121796611260416,2018-04-22 18:26:09,The psychological zombie effect,4129,24495
988121708593725440,2018-04-22 18:25:48,Demonization has metastasized,3861,24552
988100831307223040,2018-04-22 17:02:50,the blinders are off,6405,36136
988055697983066112,2018-04-22 14:03:30,question everything,65617,179206
987737044263682050,2018-04-21 16:57:17,The more people contribute to real time global consciousness the faster we evolve,13264,62517
987728334971850753,2018-04-21 16:22:40,get past the past,101023,234392
987727961477472257,2018-04-21 16:21:11,be fearless. Express what you feel not what you've been programmed to think.,56717,150749
987704734399188992,2018-04-21 14:48:54,live in love not in fear,61485,151615
987699874362675201,2018-04-21 14:29:35,I don't subscribe the term and concept of God fearing.  That's a dated mentality that was used to control people. W‚Ä¶ https://t.co/JLe987Uc1k,20190,93826
987698250093215745,2018-04-21 14:23:08,only free thinkers,14207,61270
987696355341553665,2018-04-21 14:15:36,I love the way Candace Owens thinks,21559,87922
987422543849013248,2018-04-20 20:07:34,the world is our office,10839,53031
987422322301722624,2018-04-20 20:06:41,Yeezy is based in Calabasas but will also be setting up offices in New York London and Wyoming,6473,61749
987420889258967040,2018-04-20 20:01:00,style is genderless,59018,199060
987417308124475392,2018-04-20 19:46:46,strive for universal consciousness not segregated consciousness,10489,44246
987413820447473665,2018-04-20 19:32:54,everything is so planned these days. People appreciate spontaneity and honesty.,28128,108392
987411753423130625,2018-04-20 19:24:41,iterations of ideas are how culture evolves.,5085,28381
987411705599746048,2018-04-20 19:24:30,sharing is community holding information is capitalism,8891,44967
987411655721021440,2018-04-20 19:24:18,images are limitless and words aren't. Words are defined,7886,35181
987411453131943936,2018-04-20 19:23:30,I don‚Äôt believe in horizontal hierarchy. If you build a ladder too high it‚Äôs actually most dangerous for the people at the top.,6277,35165
987399001929539584,2018-04-20 18:34:01,all you have to be is yourself,105013,236107
987382621788237824,2018-04-20 17:28:56,I need a water proof silk nylon as soon as possible.,4285,34294
987382297182654464,2018-04-20 17:27:38,people are celebrating real ideas and vibe. Not just hype,10392,52650
987381246761160705,2018-04-20 17:23:28,we need to Aman Giri the world,2216,18119
987099567119261696,2018-04-19 22:44:10,the beauty is in the imperfection(s),51239,135677
987069631696289792,2018-04-19 20:45:13,Pusha T May 25th,34454,124369
987069464687489024,2018-04-19 20:44:33,Teyana Taylor June 22nd,18494,79136
987052001023279104,2018-04-19 19:35:10,it's called Kids See Ghost. That's the name of our group,51914,178072
987051337782181889,2018-04-19 19:32:32,me and Cudi album June 8th,231449,512774
987049937434112000,2018-04-19 19:26:58,June 1st,102835,250837
987049500177920000,2018-04-19 19:25:13,my album is 7 songs,89217,281260
987018557660717056,2018-04-19 17:22:16,it's not where you take things from.  It's where you take them to,35780,113318
986979473496002560,2018-04-19 14:46:58,we're all servants,17529,77019
986976721680285696,2018-04-19 14:36:02,today will be the greatest day so far. Life keeps getting better and better.,60039,183254
986759302311395328,2018-04-19 00:12:05,if you wanna see the true character of person watch the way they treat someone who can't do anything for them.,222432,503721
986756823981015040,2018-04-19 00:02:14,truth is my goal. Controversy is my gym. I'll do a hundred reps of controversy for a 6 pack of truth,35324,156051
986687322140721152,2018-04-18 19:26:04,don't trade your authenticity for approval,162266,338880
986647008176881664,2018-04-18 16:45:52,let's be less concerned with ownership of ideas. It is important that ideas see the light of day even if you don't‚Ä¶ https://t.co/Dj2iqElo8O,22103,107954
986646262446305281,2018-04-18 16:42:54,"I find myself getting stuck in the idea of originality and letting my ego push me to say things like ""this person s‚Ä¶ https://t.co/uxO7nLJnzn",18786,119557
986641122381344768,2018-04-18 16:22:29,Cars have four wheels. Hoodies have hoods. It's amusing to me when some one says this is an original hoodie. Bro... it's a hoodie ü§∑‚Äç‚ôÇÔ∏è,22314,112060
986640217904852993,2018-04-18 16:18:53,too much emphasis is put on originality. Feel free to take ideas and update them at your will all great artist take and update.,28012,118115
986629658211844097,2018-04-18 15:36:55,There's love stories.  Pain happiness. It's 3 dementional. There's taste touch sound. It's the most entertaining fo‚Ä¶ https://t.co/KmVz4qGO1h,16645,70986
986629639874297856,2018-04-18 15:36:51,Be here now. Be in the moment. The now is the greatest moment of our lives and it just keeps getting better. The ba‚Ä¶ https://t.co/hjW0wl1JLU,129729,311912
986626607421898752,2018-04-18 15:24:48,me and my friend Anthony Schiller always ask questions about time. Is time linear? I recently did an interview wher‚Ä¶ https://t.co/H3bzYZIPQi,12463,59188
986625837330923520,2018-04-18 15:21:44,"I will work on this ""book"" when I feel it. When We sit still in the mornings We get hit with so many ideas and so m‚Ä¶ https://t.co/SB0cuEwTm5",10771,70000
986625627364077568,2018-04-18 15:20:54,oh by the way this is my book that I'm writing in real time. No publisher or publicist will tell me what to put whe‚Ä¶ https://t.co/5ZozwEfqv3,14040,93186
986625491242172419,2018-04-18 15:20:22,everyone will say he needs to learn how to act. At home parental acting classes are one of the first steps to us lo‚Ä¶ https://t.co/WUqu4QHsbO,8458,41108
986625468148269056,2018-04-18 15:20:16,"in life, we are all trained actors. When we're born we're ourselves and then one of the first things we're thought‚Ä¶ https://t.co/b0b5NgrGxT",10940,49785
986624649311088642,2018-04-18 15:17:01,just stop lying about shit. Just stop lying.,120597,238689
986624497301127169,2018-04-18 15:16:25,You will be a drop of water with the ocean as your army. If you move out of fear than your on your own. Then it's j‚Ä¶ https://t.co/2nPREd4e5M,9557,42843
986624438106865664,2018-04-18 15:16:11,I don't believe in the concept of an enemy. We have been conditioned to always be in competition. Stop looking for‚Ä¶ https://t.co/rsJxZGEMfQ,68359,204083
986624114579333120,2018-04-18 15:14:54,Don't follow crowds. Follow the innate feelings inside of you. Do what you feel not what you think. Thoughts have b‚Ä¶ https://t.co/pLnhteIyGP,62818,172271
986621201920356352,2018-04-18 15:03:19,You have the best ideas. Other people's opinions are usually more  distractive than informative. Follow your own vi‚Ä¶ https://t.co/wgQ0ElzjBm,83928,233063
986621133976887296,2018-04-18 15:03:03,when you first wake up don't hop right on the phone or the internet or even speak to anyone for even up to an hour‚Ä¶ https://t.co/7ZRIe8oL5f,91149,341525
986397252536041472,2018-04-18 00:13:26,trend is always late,33677,130763
986318237116915715,2018-04-17 18:59:27,be transparent as possible. Stop setting plays. Stop playing chess with life. Make decisions based on love not fear.,114481,278223
986317567173197829,2018-04-17 18:56:47,Fear often causes people to be manipulative,47731,144504
986316732905283584,2018-04-17 18:53:28,everything you do in life stems from either fear or love,97787,237725
986303548664307712,2018-04-17 18:01:05,Sometimes you have to get rid of everything,116988,256801
986303453763899392,2018-04-17 18:00:42,distraction is the enemy of vision,95709,208273
986302853047308288,2018-04-17 17:58:19,try to avoid any contractual situation where you are held back from your ideas,37723,136307
986302193715294208,2018-04-17 17:55:42,You have to protect your ability to create at all cost,71323,206941
986302131106975749,2018-04-17 17:55:27,As a creative your ideas are your strongest form of currency,57324,166447
985672020590546945,2018-04-16 00:11:37,often people working with the existing consciousness are jealous of those who are more in touch and they become har‚Ä¶ https://t.co/vll90kKHE2,74145,241169
985671904202764288,2018-04-16 00:11:09,Some people have to work within the existing consciousness while some people can shift the consciousness,57555,172965
984991060886683649,2018-04-14 03:05:43,RT @jack: Welcome back @kanyewest! https://t.co/TJPcPiCEJv,5679,0
501492019328745472,2014-08-18 22:13:09,"RT @UncleRUSH: Police sensitivity training ,diversity initiatives,  body cameras for police     and a fucking arrest. Would be a good start‚Ä¶",11976,0
